,gvkey_focal,year,gvkey1,gvkey2,score,gvkey_peer,focal_ticker,focal_company_name,focal_cik,focal_primary_sic,peer_ticker,peer_company_name
66,001690,1989,1690,3813,0.0039,003813,AAPL,Apple Inc.,0000320193,3571,TGT,Target Corp.
144,002184,1989,2184,5680,0.0647,005680,BBY,Best Buy Co. Inc.,0000764478,5731,HD,Home Depot Inc.
155,002184,1989,2184,11259,0.0298,011259,BBY,Best Buy Co. Inc.,0000764478,5731,WMT,Walmart Inc.
157,002184,1989,2184,11672,0.0062,011672,BBY,Best Buy Co. Inc.,0000764478,5731,TJX,TJX Companies Inc.
158,002184,1989,2184,11814,0.0446,011814,BBY,Best Buy Co. Inc.,0000764478,5731,COST,Costco Wholesale Corp.
193,003813,1989,3813,1690,0.0039,001690,TGT,Target Corp.,0000027419,5331,AAPL,Apple Inc.
290,003813,1989,3813,12141,0.0145,012141,TGT,Target Corp.,0000027419,5331,MSFT,Microsoft Corp.
377,004016,1989,4016,11259,0.0092,011259,DG,Dollar General Corp.,0000029534,5331,WMT,Walmart Inc.
378,004016,1989,4016,11672,0.0125,011672,DG,Dollar General Corp.,0000029534,5331,TJX,TJX Companies Inc.
384,005680,1989,5680,2184,0.0647,002184,HD,Home Depot Inc.,0000354950,5251,BBY,Best Buy Co. Inc.
404,005680,1989,5680,11814,0.0185,011814,HD,Home Depot Inc.,0000354950,5251,COST,Costco Wholesale Corp.
470,006502,1989,6502,11259,0.1105,011259,KR,Kroger Co.,0000056873,5411,WMT,Walmart Inc.
471,006502,1989,6502,11264,0.0283,011264,KR,Kroger Co.,0000056873,5411,WBA,Walgreens Boots Alliance Inc.
474,006502,1989,6502,11672,0.0575,011672,KR,Kroger Co.,0000056873,5411,TJX,TJX Companies Inc.
509,007241,1989,7241,11672,0.0187,011672,CVS,CVS Health Corp.,0000064803,5912,TJX,TJX Companies Inc.
515,011259,1989,11259,2184,0.0298,002184,WMT,Walmart Inc.,0000104169,5331,BBY,Best Buy Co. Inc.
527,011259,1989,11259,4016,0.0092,004016,WMT,Walmart Inc.,0000104169,5331,DG,Dollar General Corp.
539,011259,1989,11259,6502,0.1105,006502,WMT,Walmart Inc.,0000104169,5331,KR,Kroger Co.
558,011259,1989,11259,11672,0.1016,011672,WMT,Walmart Inc.,0000104169,5331,TJX,TJX Companies Inc.
559,011259,1989,11259,11814,0.0299,011814,WMT,Walmart Inc.,0000104169,5331,COST,Costco Wholesale Corp.
582,011264,1989,11264,6502,0.0283,006502,WBA,Walgreens Boots Alliance Inc.,0001618921,5912,KR,Kroger Co.
597,011672,1989,11672,2184,0.0062,002184,TJX,TJX Companies Inc.,0000109198,5651,BBY,Best Buy Co. Inc.
608,011672,1989,11672,4016,0.0125,004016,TJX,TJX Companies Inc.,0000109198,5651,DG,Dollar General Corp.
630,011672,1989,11672,6502,0.0575,006502,TJX,TJX Companies Inc.,0000109198,5651,KR,Kroger Co.
632,011672,1989,11672,7241,0.0187,007241,TJX,TJX Companies Inc.,0000109198,5651,CVS,CVS Health Corp.
660,011672,1989,11672,11259,0.1016,011259,TJX,TJX Companies Inc.,0000109198,5651,WMT,Walmart Inc.
694,011814,1989,11814,2184,0.0446,002184,COST,Costco Wholesale Corp.,0000909832,5331,BBY,Best Buy Co. Inc.
708,011814,1989,11814,5680,0.0185,005680,COST,Costco Wholesale Corp.,0000909832,5331,HD,Home Depot Inc.
724,011814,1989,11814,11259,0.0299,011259,COST,Costco Wholesale Corp.,0000909832,5331,WMT,Walmart Inc.
791,012141,1989,12141,3813,0.0145,003813,MSFT,Microsoft Corp.,0000789019,7372,TGT,Target Corp.
967,001690,1990,1690,3813,0.0367,003813,AAPL,Apple Inc.,0000320193,3571,TGT,Target Corp.
997,001690,1990,1690,12141,0.0329,012141,AAPL,Apple Inc.,0000320193,3571,MSFT,Microsoft Corp.
1046,002184,1990,2184,5680,0.0056,005680,BBY,Best Buy Co. Inc.,0000764478,5731,HD,Home Depot Inc.
1054,002184,1990,2184,11814,0.0247,011814,BBY,Best Buy Co. Inc.,0000764478,5731,COST,Costco Wholesale Corp.
1073,003813,1990,3813,1690,0.0367,001690,TGT,Target Corp.,0000027419,5331,AAPL,Apple Inc.
1161,003813,1990,3813,12141,0.0447,012141,TGT,Target Corp.,0000027419,5331,MSFT,Microsoft Corp.
1270,004016,1990,4016,11259,0.0026,011259,DG,Dollar General Corp.,0000029534,5331,WMT,Walmart Inc.
1280,005680,1990,5680,2184,0.0056,002184,HD,Home Depot Inc.,0000354950,5251,BBY,Best Buy Co. Inc.
1335,006502,1990,6502,11259,0.0399,011259,KR,Kroger Co.,0000056873,5411,WMT,Walmart Inc.
1336,006502,1990,6502,11264,0.0406,011264,KR,Kroger Co.,0000056873,5411,WBA,Walgreens Boots Alliance Inc.
1338,006502,1990,6502,11672,0.0621,011672,KR,Kroger Co.,0000056873,5411,TJX,TJX Companies Inc.
1386,011259,1990,11259,4016,0.0026,004016,WMT,Walmart Inc.,0000104169,5331,DG,Dollar General Corp.
1395,011259,1990,11259,6502,0.0399,006502,WMT,Walmart Inc.,0000104169,5331,KR,Kroger Co.
1409,011259,1990,11259,11672,0.0073,011672,WMT,Walmart Inc.,0000104169,5331,TJX,TJX Companies Inc.
1410,011259,1990,11259,11814,0.0306,011814,WMT,Walmart Inc.,0000104169,5331,COST,Costco Wholesale Corp.
1431,011264,1990,11264,6502,0.0406,006502,WBA,Walgreens Boots Alliance Inc.,0001618921,5912,KR,Kroger Co.
1479,011672,1990,11672,6502,0.0621,006502,TJX,TJX Companies Inc.,0000109198,5651,KR,Kroger Co.
1506,011672,1990,11672,11259,0.0073,011259,TJX,TJX Companies Inc.,0000109198,5651,WMT,Walmart Inc.
1538,011814,1990,11814,2184,0.0247,002184,COST,Costco Wholesale Corp.,0000909832,5331,BBY,Best Buy Co. Inc.
1566,011814,1990,11814,11259,0.0306,011259,COST,Costco Wholesale Corp.,0000909832,5331,WMT,Walmart Inc.
1601,012141,1990,12141,1690,0.0329,001690,MSFT,Microsoft Corp.,0000789019,7372,AAPL,Apple Inc.
1617,012141,1990,12141,3813,0.0447,003813,MSFT,Microsoft Corp.,0000789019,7372,TGT,Target Corp.
1774,001690,1991,1690,12141,0.0147,012141,AAPL,Apple Inc.,0000320193,3571,MSFT,Microsoft Corp.
1828,003813,1991,3813,11672,0.0035,011672,TGT,Target Corp.,0000027419,5331,TJX,TJX Companies Inc.
1829,003813,1991,3813,11814,0.006,011814,TGT,Target Corp.,0000027419,5331,COST,Costco Wholesale Corp.
1866,004016,1991,4016,6502,0.0019,006502,DG,Dollar General Corp.,0000029534,5331,KR,Kroger Co.
1875,004016,1991,4016,11259,0.0387,011259,DG,Dollar General Corp.,0000029534,5331,WMT,Walmart Inc.
1876,004016,1991,4016,11672,0.0841,011672,DG,Dollar General Corp.,0000029534,5331,TJX,TJX Companies Inc.
1896,005680,1991,5680,11672,0.0033,011672,HD,Home Depot Inc.,0000354950,5251,TJX,TJX Companies Inc.
1923,006502,1991,6502,4016,0.0019,004016,KR,Kroger Co.,0000056873,5411,DG,Dollar General Corp.
1936,006502,1991,6502,6829,0.0051,006829,KR,Kroger Co.,0000056873,5411,LOW,Lowes Companies Inc.
1951,006502,1991,6502,11259,0.0427,011259,KR,Kroger Co.,0000056873,5411,WMT,Walmart Inc.
1952,006502,1991,6502,11264,0.0063,011264,KR,Kroger Co.,0000056873,5411,WBA,Walgreens Boots Alliance Inc.
1954,006502,1991,6502,11672,0.0754,011672,KR,Kroger Co.,0000056873,5411,TJX,TJX Companies Inc.
1974,006829,1991,6829,6502,0.0051,006502,LOW,Lowes Companies Inc.,0000060667,5251,KR,Kroger Co.
1976,006829,1991,6829,7241,0.0156,007241,LOW,Lowes Companies Inc.,0000060667,5251,CVS,CVS Health Corp.
1994,007241,1991,7241,6829,0.0156,006829,CVS,CVS Health Corp.,0000064803,5912,LOW,Lowes Companies Inc.
2007,007241,1991,7241,11672,0.0028,011672,CVS,CVS Health Corp.,0000064803,5912,TJX,TJX Companies Inc.
2020,011259,1991,11259,4016,0.0387,004016,WMT,Walmart Inc.,0000104169,5331,DG,Dollar General Corp.
2028,011259,1991,11259,6502,0.0427,006502,WMT,Walmart Inc.,0000104169,5331,KR,Kroger Co.
2044,011259,1991,11259,11672,0.044,011672,WMT,Walmart Inc.,0000104169,5331,TJX,TJX Companies Inc.
2045,011259,1991,11259,11814,0.0178,011814,WMT,Walmart Inc.,0000104169,5331,COST,Costco Wholesale Corp.
2067,011264,1991,11264,6502,0.0063,006502,WBA,Walgreens Boots Alliance Inc.,0001618921,5912,KR,Kroger Co.
2089,011672,1991,11672,3813,0.0035,003813,TJX,TJX Companies Inc.,0000109198,5651,TGT,Target Corp.
2091,011672,1991,11672,4016,0.0841,004016,TJX,TJX Companies Inc.,0000109198,5651,DG,Dollar General Corp.
2107,011672,1991,11672,5680,0.0033,005680,TJX,TJX Companies Inc.,0000109198,5651,HD,Home Depot Inc.
2113,011672,1991,11672,6502,0.0754,006502,TJX,TJX Companies Inc.,0000109198,5651,KR,Kroger Co.
2117,011672,1991,11672,7241,0.0028,007241,TJX,TJX Companies Inc.,0000109198,5651,CVS,CVS Health Corp.
2148,011672,1991,11672,11259,0.044,011259,TJX,TJX Companies Inc.,0000109198,5651,WMT,Walmart Inc.
2202,011814,1991,11814,3813,0.006,003813,COST,Costco Wholesale Corp.,0000909832,5331,TGT,Target Corp.
2223,011814,1991,11814,11259,0.0178,011259,COST,Costco Wholesale Corp.,0000909832,5331,WMT,Walmart Inc.
2256,012141,1991,12141,1690,0.0147,001690,MSFT,Microsoft Corp.,0000789019,7372,AAPL,Apple Inc.
2434,001690,1992,1690,12141,0.0072,012141,AAPL,Apple Inc.,0000320193,3571,MSFT,Microsoft Corp.
2471,002184,1992,2184,5680,0.0052,005680,BBY,Best Buy Co. Inc.,0000764478,5731,HD,Home Depot Inc.
2479,002184,1992,2184,11259,0.013,011259,BBY,Best Buy Co. Inc.,0000764478,5731,WMT,Walmart Inc.
2480,002184,1992,2184,11814,0.037,011814,BBY,Best Buy Co. Inc.,0000764478,5731,COST,Costco Wholesale Corp.
2613,004016,1992,4016,11672,0.0113,011672,DG,Dollar General Corp.,0000029534,5331,TJX,TJX Companies Inc.
2619,005680,1992,5680,2184,0.0052,002184,HD,Home Depot Inc.,0000354950,5251,BBY,Best Buy Co. Inc.
2664,006829,1992,6829,11259,0.0227,011259,LOW,Lowes Companies Inc.,0000060667,5251,WMT,Walmart Inc.
2665,006829,1992,6829,11264,0.0131,011264,LOW,Lowes Companies Inc.,0000060667,5251,WBA,Walgreens Boots Alliance Inc.
2667,006829,1992,6829,11672,0.0593,011672,LOW,Lowes Companies Inc.,0000060667,5251,TJX,TJX Companies Inc.
2701,007241,1992,7241,11672,0.0,011672,CVS,CVS Health Corp.,0000064803,5912,TJX,TJX Companies Inc.
2709,011259,1992,11259,2184,0.013,002184,WMT,Walmart Inc.,0000104169,5331,BBY,Best Buy Co. Inc.
2717,011259,1992,11259,6829,0.0227,006829,WMT,Walmart Inc.,0000104169,5331,LOW,Lowes Companies Inc.
2726,011259,1992,11259,11672,0.027,011672,WMT,Walmart Inc.,0000104169,5331,TJX,TJX Companies Inc.
2727,011259,1992,11259,11814,0.0077,011814,WMT,Walmart Inc.,0000104169,5331,COST,Costco Wholesale Corp.
2752,011264,1992,11264,6829,0.0131,006829,WBA,Walgreens Boots Alliance Inc.,0001618921,5912,LOW,Lowes Companies Inc.
2775,011672,1992,11672,4016,0.0113,004016,TJX,TJX Companies Inc.,0000109198,5651,DG,Dollar General Corp.
2788,011672,1992,11672,6829,0.0593,006829,TJX,TJX Companies Inc.,0000109198,5651,LOW,Lowes Companies Inc.
2789,011672,1992,11672,7241,0.0,007241,TJX,TJX Companies Inc.,0000109198,5651,CVS,CVS Health Corp.
2811,011672,1992,11672,11259,0.027,011259,TJX,TJX Companies Inc.,0000109198,5651,WMT,Walmart Inc.
2850,011814,1992,11814,2184,0.037,002184,COST,Costco Wholesale Corp.,0000909832,5331,BBY,Best Buy Co. Inc.
2869,011814,1992,11814,11259,0.0077,011259,COST,Costco Wholesale Corp.,0000909832,5331,WMT,Walmart Inc.
2900,012141,1992,12141,1690,0.0072,001690,MSFT,Microsoft Corp.,0000789019,7372,AAPL,Apple Inc.
3125,001690,1993,1690,12141,0.0422,012141,AAPL,Apple Inc.,0000320193,3571,MSFT,Microsoft Corp.
3213,002184,1993,2184,3813,0.0158,003813,BBY,Best Buy Co. Inc.,0000764478,5731,TGT,Target Corp.
3220,002184,1993,2184,6829,0.0232,006829,BBY,Best Buy Co. Inc.,0000764478,5731,LOW,Lowes Companies Inc.
3231,002184,1993,2184,11672,0.0215,011672,BBY,Best Buy Co. Inc.,0000764478,5731,TJX,TJX Companies Inc.
3285,003813,1993,3813,2184,0.0158,002184,TGT,Target Corp.,0000027419,5331,BBY,Best Buy Co. Inc.
3290,003813,1993,3813,5680,0.0072,005680,TGT,Target Corp.,0000027419,5331,HD,Home Depot Inc.
3291,003813,1993,3813,6829,0.0238,006829,TGT,Target Corp.,0000027419,5331,LOW,Lowes Companies Inc.
3753,004611,1993,4611,7241,0.0026,007241,M,Macys Inc.,0000794367,5311,CVS,CVS Health Corp.
3763,005680,1993,5680,3813,0.0072,003813,HD,Home Depot Inc.,0000354950,5251,TGT,Target Corp.
3767,005680,1993,5680,6829,0.0037,006829,HD,Home Depot Inc.,0000354950,5251,LOW,Lowes Companies Inc.
3776,006829,1993,6829,2184,0.0232,002184,LOW,Lowes Companies Inc.,0000060667,5251,BBY,Best Buy Co. Inc.
3784,006829,1993,6829,3813,0.0238,003813,LOW,Lowes Companies Inc.,0000060667,5251,TGT,Target Corp.
3791,006829,1993,6829,5680,0.0037,005680,LOW,Lowes Companies Inc.,0000060667,5251,HD,Home Depot Inc.
3804,006829,1993,6829,11672,0.0216,011672,LOW,Lowes Companies Inc.,0000060667,5251,TJX,TJX Companies Inc.
3856,007241,1993,7241,4611,0.0026,004611,CVS,CVS Health Corp.,0000064803,5912,M,Macys Inc.
3872,007241,1993,7241,11672,0.0321,011672,CVS,CVS Health Corp.,0000064803,5912,TJX,TJX Companies Inc.
3901,011259,1993,11259,11672,0.0439,011672,WMT,Walmart Inc.,0000104169,5331,TJX,TJX Companies Inc.
3931,011672,1993,11672,2184,0.0215,002184,TJX,TJX Companies Inc.,0000109198,5651,BBY,Best Buy Co. Inc.
3955,011672,1993,11672,6829,0.0216,006829,TJX,TJX Companies Inc.,0000109198,5651,LOW,Lowes Companies Inc.
3956,011672,1993,11672,7241,0.0321,007241,TJX,TJX Companies Inc.,0000109198,5651,CVS,CVS Health Corp.
3978,011672,1993,11672,11259,0.0439,011259,TJX,TJX Companies Inc.,0000109198,5651,WMT,Walmart Inc.
4052,012141,1993,12141,1690,0.0422,001690,MSFT,Microsoft Corp.,0000789019,7372,AAPL,Apple Inc.
4335,001690,1994,1690,12141,0.0605,012141,AAPL,Apple Inc.,0000320193,3571,MSFT,Microsoft Corp.
4461,002184,1994,2184,5680,0.0095,005680,BBY,Best Buy Co. Inc.,0000764478,5731,HD,Home Depot Inc.
4463,002184,1994,2184,6829,0.0268,006829,BBY,Best Buy Co. Inc.,0000764478,5731,LOW,Lowes Companies Inc.
4479,002184,1994,2184,11259,0.0174,011259,BBY,Best Buy Co. Inc.,0000764478,5731,WMT,Walmart Inc.
4480,002184,1994,2184,11672,0.0729,011672,BBY,Best Buy Co. Inc.,0000764478,5731,TJX,TJX Companies Inc.
4579,004016,1994,4016,4611,0.0046,004611,DG,Dollar General Corp.,0000029534,5331,M,Macys Inc.
4582,004016,1994,4016,7241,0.0095,007241,DG,Dollar General Corp.,0000029534,5331,CVS,CVS Health Corp.
4587,004016,1994,4016,11672,0.0299,011672,DG,Dollar General Corp.,0000029534,5331,TJX,TJX Companies Inc.
4601,004611,1994,4611,4016,0.0046,004016,M,Macys Inc.,0000794367,5311,DG,Dollar General Corp.
4604,004611,1994,4611,7241,0.0129,007241,M,Macys Inc.,0000794367,5311,CVS,CVS Health Corp.
4619,005680,1994,5680,2184,0.0095,002184,HD,Home Depot Inc.,0000354950,5251,BBY,Best Buy Co. Inc.
4663,006502,1994,6502,11259,0.0907,011259,KR,Kroger Co.,0000056873,5411,WMT,Walmart Inc.
4664,006502,1994,6502,11264,0.002,011264,KR,Kroger Co.,0000056873,5411,WBA,Walgreens Boots Alliance Inc.
4667,006502,1994,6502,11672,0.0382,011672,KR,Kroger Co.,0000056873,5411,TJX,TJX Companies Inc.
4695,006829,1994,6829,2184,0.0268,002184,LOW,Lowes Companies Inc.,0000060667,5251,BBY,Best Buy Co. Inc.
4760,007241,1994,7241,4016,0.0095,004016,CVS,CVS Health Corp.,0000064803,5912,DG,Dollar General Corp.
4765,007241,1994,7241,4611,0.0129,004611,CVS,CVS Health Corp.,0000064803,5912,M,Macys Inc.
4785,007241,1994,7241,11672,0.0645,011672,CVS,CVS Health Corp.,0000064803,5912,TJX,TJX Companies Inc.
4803,011259,1994,11259,2184,0.0174,002184,WMT,Walmart Inc.,0000104169,5331,BBY,Best Buy Co. Inc.
4818,011259,1994,11259,6502,0.0907,006502,WMT,Walmart Inc.,0000104169,5331,KR,Kroger Co.
4833,011259,1994,11259,11672,0.0588,011672,WMT,Walmart Inc.,0000104169,5331,TJX,TJX Companies Inc.
4864,011264,1994,11264,6502,0.002,006502,WBA,Walgreens Boots Alliance Inc.,0001618921,5912,KR,Kroger Co.
4877,011672,1994,11672,2184,0.0729,002184,TJX,TJX Companies Inc.,0000109198,5651,BBY,Best Buy Co. Inc.
4888,011672,1994,11672,4016,0.0299,004016,TJX,TJX Companies Inc.,0000109198,5651,DG,Dollar General Corp.
4900,011672,1994,11672,6502,0.0382,006502,TJX,TJX Companies Inc.,0000109198,5651,KR,Kroger Co.
4905,011672,1994,11672,7241,0.0645,007241,TJX,TJX Companies Inc.,0000109198,5651,CVS,CVS Health Corp.
4930,011672,1994,11672,11259,0.0588,011259,TJX,TJX Companies Inc.,0000109198,5651,WMT,Walmart Inc.
5026,012141,1994,12141,1690,0.0605,001690,MSFT,Microsoft Corp.,0000789019,7372,AAPL,Apple Inc.
5327,001690,1995,1690,12141,0.029,012141,AAPL,Apple Inc.,0000320193,3571,MSFT,Microsoft Corp.
5413,002184,1995,2184,5680,0.0096,005680,BBY,Best Buy Co. Inc.,0000764478,5731,HD,Home Depot Inc.
5424,002184,1995,2184,11672,0.032,011672,BBY,Best Buy Co. Inc.,0000764478,5731,TJX,TJX Companies Inc.
5524,004016,1995,4016,11672,0.0373,011672,DG,Dollar General Corp.,0000029534,5331,TJX,TJX Companies Inc.
5545,004016,1995,4016,31587,0.0211,031587,DG,Dollar General Corp.,0000029534,5331,DLTR,Dollar Tree Inc.
5562,005680,1995,5680,2184,0.0096,002184,HD,Home Depot Inc.,0000354950,5251,BBY,Best Buy Co. Inc.
5616,006502,1995,6502,11259,0.0714,011259,KR,Kroger Co.,0000056873,5411,WMT,Walmart Inc.
5619,006502,1995,6502,11672,0.0298,011672,KR,Kroger Co.,0000056873,5411,TJX,TJX Companies Inc.
5726,007241,1995,7241,11672,0.0651,011672,CVS,CVS Health Corp.,0000064803,5912,TJX,TJX Companies Inc.
5755,011259,1995,11259,6502,0.0714,006502,WMT,Walmart Inc.,0000104169,5331,KR,Kroger Co.
5771,011259,1995,11259,11264,0.0045,011264,WMT,Walmart Inc.,0000104169,5331,WBA,Walgreens Boots Alliance Inc.
5772,011259,1995,11259,11672,0.0504,011672,WMT,Walmart Inc.,0000104169,5331,TJX,TJX Companies Inc.
5812,011264,1995,11264,11259,0.0045,011259,WBA,Walgreens Boots Alliance Inc.,0001618921,5912,WMT,Walmart Inc.
5820,011672,1995,11672,2184,0.032,002184,TJX,TJX Companies Inc.,0000109198,5651,BBY,Best Buy Co. Inc.
5834,011672,1995,11672,4016,0.0373,004016,TJX,TJX Companies Inc.,0000109198,5651,DG,Dollar General Corp.
5847,011672,1995,11672,6502,0.0298,006502,TJX,TJX Companies Inc.,0000109198,5651,KR,Kroger Co.
5853,011672,1995,11672,7241,0.0651,007241,TJX,TJX Companies Inc.,0000109198,5651,CVS,CVS Health Corp.
5876,011672,1995,11672,11259,0.0504,011259,TJX,TJX Companies Inc.,0000109198,5651,WMT,Walmart Inc.
5975,012141,1995,12141,1690,0.029,001690,MSFT,Microsoft Corp.,0000789019,7372,AAPL,Apple Inc.
6302,031587,1995,31587,4016,0.0211,004016,DLTR,Dollar Tree Inc.,0000935703,5331,DG,Dollar General Corp.
6412,001690,1996,1690,12141,0.0178,012141,AAPL,Apple Inc.,0000320193,3571,MSFT,Microsoft Corp.
6491,002184,1996,2184,5680,0.0114,005680,BBY,Best Buy Co. Inc.,0000764478,5731,HD,Home Depot Inc.
6506,002184,1996,2184,11259,0.0185,011259,BBY,Best Buy Co. Inc.,0000764478,5731,WMT,Walmart Inc.
6508,002184,1996,2184,11672,0.0638,011672,BBY,Best Buy Co. Inc.,0000764478,5731,TJX,TJX Companies Inc.
6594,002184,1996,2184,31587,0.0113,031587,BBY,Best Buy Co. Inc.,0000764478,5731,DLTR,Dollar Tree Inc.
6628,004016,1996,4016,7241,0.0062,007241,DG,Dollar General Corp.,0000029534,5331,CVS,CVS Health Corp.
6639,004016,1996,4016,11672,0.054,011672,DG,Dollar General Corp.,0000029534,5331,TJX,TJX Companies Inc.
6684,004016,1996,4016,31587,0.0858,031587,DG,Dollar General Corp.,0000029534,5331,DLTR,Dollar Tree Inc.
6712,004611,1996,4611,11672,0.0492,011672,M,Macys Inc.,0000794367,5311,TJX,TJX Companies Inc.
6733,005680,1996,5680,2184,0.0114,002184,HD,Home Depot Inc.,0000354950,5251,BBY,Best Buy Co. Inc.
6770,006502,1996,6502,11259,0.0968,011259,KR,Kroger Co.,0000056873,5411,WMT,Walmart Inc.
6771,006502,1996,6502,11264,0.0283,011264,KR,Kroger Co.,0000056873,5411,WBA,Walgreens Boots Alliance Inc.
6773,006502,1996,6502,11672,0.0351,011672,KR,Kroger Co.,0000056873,5411,TJX,TJX Companies Inc.
6819,007241,1996,7241,4016,0.0062,004016,CVS,CVS Health Corp.,0000064803,5912,DG,Dollar General Corp.
6832,007241,1996,7241,11672,0.0617,011672,CVS,CVS Health Corp.,0000064803,5912,TJX,TJX Companies Inc.
6865,007241,1996,7241,31587,0.0153,031587,CVS,CVS Health Corp.,0000064803,5912,DLTR,Dollar Tree Inc.
6874,011259,1996,11259,2184,0.0185,002184,WMT,Walmart Inc.,0000104169,5331,BBY,Best Buy Co. Inc.
6885,011259,1996,11259,6502,0.0968,006502,WMT,Walmart Inc.,0000104169,5331,KR,Kroger Co.
6897,011259,1996,11259,11264,0.03,011264,WMT,Walmart Inc.,0000104169,5331,WBA,Walgreens Boots Alliance Inc.
6898,011259,1996,11259,11672,0.0896,011672,WMT,Walmart Inc.,0000104169,5331,TJX,TJX Companies Inc.
6945,011264,1996,11264,6502,0.0283,006502,WBA,Walgreens Boots Alliance Inc.,0001618921,5912,KR,Kroger Co.
6951,011264,1996,11264,11259,0.03,011259,WBA,Walgreens Boots Alliance Inc.,0001618921,5912,WMT,Walmart Inc.
6962,011672,1996,11672,2184,0.0638,002184,TJX,TJX Companies Inc.,0000109198,5651,BBY,Best Buy Co. Inc.
6975,011672,1996,11672,4016,0.054,004016,TJX,TJX Companies Inc.,0000109198,5651,DG,Dollar General Corp.
6985,011672,1996,11672,4611,0.0492,004611,TJX,TJX Companies Inc.,0000109198,5651,M,Macys Inc.
6997,011672,1996,11672,6502,0.0351,006502,TJX,TJX Companies Inc.,0000109198,5651,KR,Kroger Co.
7003,011672,1996,11672,7241,0.0617,007241,TJX,TJX Companies Inc.,0000109198,5651,CVS,CVS Health Corp.
7029,011672,1996,11672,11259,0.0896,011259,TJX,TJX Companies Inc.,0000109198,5651,WMT,Walmart Inc.
7157,012141,1996,12141,1690,0.0178,001690,MSFT,Microsoft Corp.,0000789019,7372,AAPL,Apple Inc.
7552,031587,1996,31587,2184,0.0113,002184,DLTR,Dollar Tree Inc.,0000935703,5331,BBY,Best Buy Co. Inc.
7562,031587,1996,31587,4016,0.0858,004016,DLTR,Dollar Tree Inc.,0000935703,5331,DG,Dollar General Corp.
7571,031587,1996,31587,7241,0.0153,007241,DLTR,Dollar Tree Inc.,0000935703,5331,CVS,CVS Health Corp.
7737,002184,1997,2184,11259,0.0008,011259,BBY,Best Buy Co. Inc.,0000764478,5731,WMT,Walmart Inc.
7738,002184,1997,2184,11672,0.0516,011672,BBY,Best Buy Co. Inc.,0000764478,5731,TJX,TJX Companies Inc.
7843,004016,1997,4016,11259,0.0131,011259,DG,Dollar General Corp.,0000029534,5331,WMT,Walmart Inc.
7844,004016,1997,4016,11672,0.0267,011672,DG,Dollar General Corp.,0000029534,5331,TJX,TJX Companies Inc.
7874,004016,1997,4016,31587,0.0309,031587,DG,Dollar General Corp.,0000029534,5331,DLTR,Dollar Tree Inc.
7905,004611,1997,4611,11672,0.029,011672,M,Macys Inc.,0000794367,5311,TJX,TJX Companies Inc.
7968,006502,1997,6502,11259,0.0815,011259,KR,Kroger Co.,0000056873,5411,WMT,Walmart Inc.
7969,006502,1997,6502,11264,0.0004,011264,KR,Kroger Co.,0000056873,5411,WBA,Walgreens Boots Alliance Inc.
7972,006502,1997,6502,11672,0.0165,011672,KR,Kroger Co.,0000056873,5411,TJX,TJX Companies Inc.
8023,007241,1997,7241,11672,0.0653,011672,CVS,CVS Health Corp.,0000064803,5912,TJX,TJX Companies Inc.
8067,011259,1997,11259,2184,0.0008,002184,WMT,Walmart Inc.,0000104169,5331,BBY,Best Buy Co. Inc.
8072,011259,1997,11259,4016,0.0131,004016,WMT,Walmart Inc.,0000104169,5331,DG,Dollar General Corp.
8079,011259,1997,11259,6502,0.0815,006502,WMT,Walmart Inc.,0000104169,5331,KR,Kroger Co.
8088,011259,1997,11259,11264,0.0035,011264,WMT,Walmart Inc.,0000104169,5331,WBA,Walgreens Boots Alliance Inc.
8089,011259,1997,11259,11672,0.0894,011672,WMT,Walmart Inc.,0000104169,5331,TJX,TJX Companies Inc.
8123,011264,1997,11264,6502,0.0004,006502,WBA,Walgreens Boots Alliance Inc.,0001618921,5912,KR,Kroger Co.
8129,011264,1997,11264,11259,0.0035,011259,WBA,Walgreens Boots Alliance Inc.,0001618921,5912,WMT,Walmart Inc.
8135,011672,1997,11672,2184,0.0516,002184,TJX,TJX Companies Inc.,0000109198,5651,BBY,Best Buy Co. Inc.
8146,011672,1997,11672,4016,0.0267,004016,TJX,TJX Companies Inc.,0000109198,5651,DG,Dollar General Corp.
8152,011672,1997,11672,4611,0.029,004611,TJX,TJX Companies Inc.,0000109198,5651,M,Macys Inc.
8162,011672,1997,11672,6502,0.0165,006502,TJX,TJX Companies Inc.,0000109198,5651,KR,Kroger Co.
8166,011672,1997,11672,7241,0.0653,007241,TJX,TJX Companies Inc.,0000109198,5651,CVS,CVS Health Corp.
8191,011672,1997,11672,11259,0.0894,011259,TJX,TJX Companies Inc.,0000109198,5651,WMT,Walmart Inc.
8668,031587,1997,31587,4016,0.0309,004016,DLTR,Dollar Tree Inc.,0000935703,5331,DG,Dollar General Corp.
8790,001690,1998,1690,12141,0.0372,012141,AAPL,Apple Inc.,0000320193,3571,MSFT,Microsoft Corp.
8850,002184,1998,2184,11259,0.0097,011259,BBY,Best Buy Co. Inc.,0000764478,5731,WMT,Walmart Inc.
8851,002184,1998,2184,11672,0.0768,011672,BBY,Best Buy Co. Inc.,0000764478,5731,TJX,TJX Companies Inc.
8947,004016,1998,4016,31587,0.0156,031587,DG,Dollar General Corp.,0000029534,5331,DLTR,Dollar Tree Inc.
8963,004611,1998,4611,11672,0.0015,011672,M,Macys Inc.,0000794367,5311,TJX,TJX Companies Inc.
8981,005680,1998,5680,11672,0.0069,011672,HD,Home Depot Inc.,0000354950,5251,TJX,TJX Companies Inc.
9019,007241,1998,7241,11264,0.0824,011264,CVS,CVS Health Corp.,0000064803,5912,WBA,Walgreens Boots Alliance Inc.
9021,007241,1998,7241,11672,0.0481,011672,CVS,CVS Health Corp.,0000064803,5912,TJX,TJX Companies Inc.
9055,011259,1998,11259,2184,0.0097,002184,WMT,Walmart Inc.,0000104169,5331,BBY,Best Buy Co. Inc.
9078,011259,1998,11259,11264,0.0186,011264,WMT,Walmart Inc.,0000104169,5331,WBA,Walgreens Boots Alliance Inc.
9081,011259,1998,11259,11672,0.0746,011672,WMT,Walmart Inc.,0000104169,5331,TJX,TJX Companies Inc.
9110,011264,1998,11264,7241,0.0824,007241,WBA,Walgreens Boots Alliance Inc.,0001618921,5912,CVS,CVS Health Corp.
9114,011264,1998,11264,11259,0.0186,011259,WBA,Walgreens Boots Alliance Inc.,0001618921,5912,WMT,Walmart Inc.
9124,011672,1998,11672,2184,0.0768,002184,TJX,TJX Companies Inc.,0000109198,5651,BBY,Best Buy Co. Inc.
9138,011672,1998,11672,4611,0.0015,004611,TJX,TJX Companies Inc.,0000109198,5651,M,Macys Inc.
9146,011672,1998,11672,5680,0.0069,005680,TJX,TJX Companies Inc.,0000109198,5651,HD,Home Depot Inc.
9151,011672,1998,11672,7241,0.0481,007241,TJX,TJX Companies Inc.,0000109198,5651,CVS,CVS Health Corp.
9169,011672,1998,11672,11259,0.0746,011259,TJX,TJX Companies Inc.,0000109198,5651,WMT,Walmart Inc.
9267,012141,1998,12141,1690,0.0372,001690,MSFT,Microsoft Corp.,0000789019,7372,AAPL,Apple Inc.
9648,031587,1998,31587,4016,0.0156,004016,DLTR,Dollar Tree Inc.,0000935703,5331,DG,Dollar General Corp.
9805,001690,1999,1690,12141,0.0368,012141,AAPL,Apple Inc.,0000320193,3571,MSFT,Microsoft Corp.
9886,002184,1999,2184,6829,0.0008,006829,BBY,Best Buy Co. Inc.,0000764478,5731,LOW,Lowes Companies Inc.
9895,002184,1999,2184,11672,0.085,011672,BBY,Best Buy Co. Inc.,0000764478,5731,TJX,TJX Companies Inc.
9942,002184,1999,2184,31587,0.0017,031587,BBY,Best Buy Co. Inc.,0000764478,5731,DLTR,Dollar Tree Inc.
9976,004016,1999,4016,31587,0.0228,031587,DG,Dollar General Corp.,0000029534,5331,DLTR,Dollar Tree Inc.
9996,005680,1999,5680,6829,0.0358,006829,HD,Home Depot Inc.,0000354950,5251,LOW,Lowes Companies Inc.
10002,006829,1999,6829,2184,0.0008,002184,LOW,Lowes Companies Inc.,0000060667,5251,BBY,Best Buy Co. Inc.
10005,006829,1999,6829,5680,0.0358,005680,LOW,Lowes Companies Inc.,0000060667,5251,HD,Home Depot Inc.
10041,007241,1999,7241,11264,0.0723,011264,CVS,CVS Health Corp.,0000064803,5912,WBA,Walgreens Boots Alliance Inc.
10043,007241,1999,7241,11672,0.0305,011672,CVS,CVS Health Corp.,0000064803,5912,TJX,TJX Companies Inc.
10083,011259,1999,11259,11264,0.0206,011264,WMT,Walmart Inc.,0000104169,5331,WBA,Walgreens Boots Alliance Inc.
10087,011259,1999,11259,11672,0.0759,011672,WMT,Walmart Inc.,0000104169,5331,TJX,TJX Companies Inc.
10115,011264,1999,11264,7241,0.0723,007241,WBA,Walgreens Boots Alliance Inc.,0001618921,5912,CVS,CVS Health Corp.
10119,011264,1999,11264,11259,0.0206,011259,WBA,Walgreens Boots Alliance Inc.,0001618921,5912,WMT,Walmart Inc.
10128,011672,1999,11672,2184,0.085,002184,TJX,TJX Companies Inc.,0000109198,5651,BBY,Best Buy Co. Inc.
10150,011672,1999,11672,7241,0.0305,007241,TJX,TJX Companies Inc.,0000109198,5651,CVS,CVS Health Corp.
10168,011672,1999,11672,11259,0.0759,011259,TJX,TJX Companies Inc.,0000109198,5651,WMT,Walmart Inc.
10271,012141,1999,12141,1690,0.0368,001690,MSFT,Microsoft Corp.,0000789019,7372,AAPL,Apple Inc.
10684,031587,1999,31587,2184,0.0017,002184,DLTR,Dollar Tree Inc.,0000935703,5331,BBY,Best Buy Co. Inc.
10689,031587,1999,31587,4016,0.0228,004016,DLTR,Dollar Tree Inc.,0000935703,5331,DG,Dollar General Corp.
10826,001690,2000,1690,12141,0.0657,012141,AAPL,Apple Inc.,0000320193,3571,MSFT,Microsoft Corp.
10894,002184,2000,2184,5680,0.0077,005680,BBY,Best Buy Co. Inc.,0000764478,5731,HD,Home Depot Inc.
10896,002184,2000,2184,6829,0.0334,006829,BBY,Best Buy Co. Inc.,0000764478,5731,LOW,Lowes Companies Inc.
10902,002184,2000,2184,11259,0.0255,011259,BBY,Best Buy Co. Inc.,0000764478,5731,WMT,Walmart Inc.
10903,002184,2000,2184,11672,0.0781,011672,BBY,Best Buy Co. Inc.,0000764478,5731,TJX,TJX Companies Inc.
10976,003813,2000,3813,11264,0.0077,011264,TGT,Target Corp.,0000027419,5331,WBA,Walgreens Boots Alliance Inc.
11000,004016,2000,4016,31587,0.0497,031587,DG,Dollar General Corp.,0000029534,5331,DLTR,Dollar Tree Inc.
11020,005680,2000,5680,2184,0.0077,002184,HD,Home Depot Inc.,0000354950,5251,BBY,Best Buy Co. Inc.
11025,005680,2000,5680,6829,0.0609,006829,HD,Home Depot Inc.,0000354950,5251,LOW,Lowes Companies Inc.
11033,006502,2000,6502,11259,0.0335,011259,KR,Kroger Co.,0000056873,5411,WMT,Walmart Inc.
11036,006829,2000,6829,2184,0.0334,002184,LOW,Lowes Companies Inc.,0000060667,5251,BBY,Best Buy Co. Inc.
11038,006829,2000,6829,5680,0.0609,005680,LOW,Lowes Companies Inc.,0000060667,5251,HD,Home Depot Inc.
11054,007241,2000,7241,11264,0.0645,011264,CVS,CVS Health Corp.,0000064803,5912,WBA,Walgreens Boots Alliance Inc.
11076,011259,2000,11259,2184,0.0255,002184,WMT,Walmart Inc.,0000104169,5331,BBY,Best Buy Co. Inc.
11087,011259,2000,11259,6502,0.0335,006502,WMT,Walmart Inc.,0000104169,5331,KR,Kroger Co.
11102,011259,2000,11259,11672,0.1115,011672,WMT,Walmart Inc.,0000104169,5331,TJX,TJX Companies Inc.
11142,011264,2000,11264,3813,0.0077,003813,WBA,Walgreens Boots Alliance Inc.,0001618921,5912,TGT,Target Corp.
11144,011264,2000,11264,7241,0.0645,007241,WBA,Walgreens Boots Alliance Inc.,0001618921,5912,CVS,CVS Health Corp.
11153,011672,2000,11672,2184,0.0781,002184,TJX,TJX Companies Inc.,0000109198,5651,BBY,Best Buy Co. Inc.
11189,011672,2000,11672,11259,0.1115,011259,TJX,TJX Companies Inc.,0000109198,5651,WMT,Walmart Inc.
11276,012141,2000,12141,1690,0.0657,001690,MSFT,Microsoft Corp.,0000789019,7372,AAPL,Apple Inc.
11679,031587,2000,31587,4016,0.0497,004016,DLTR,Dollar Tree Inc.,0000935703,5331,DG,Dollar General Corp.
11781,001690,2001,1690,12141,0.0716,012141,AAPL,Apple Inc.,0000320193,3571,MSFT,Microsoft Corp.
11869,002184,2001,2184,5680,0.0025,005680,BBY,Best Buy Co. Inc.,0000764478,5731,HD,Home Depot Inc.
11931,003813,2001,3813,11264,0.0142,011264,TGT,Target Corp.,0000027419,5331,WBA,Walgreens Boots Alliance Inc.
11939,004016,2001,4016,7241,0.0183,007241,DG,Dollar General Corp.,0000029534,5331,CVS,CVS Health Corp.
11946,004016,2001,4016,31587,0.0251,031587,DG,Dollar General Corp.,0000029534,5331,DLTR,Dollar Tree Inc.
11956,004611,2001,4611,11264,0.0042,011264,M,Macys Inc.,0000794367,5311,WBA,Walgreens Boots Alliance Inc.
11977,005680,2001,5680,2184,0.0025,002184,HD,Home Depot Inc.,0000354950,5251,BBY,Best Buy Co. Inc.
11979,005680,2001,5680,6829,0.0765,006829,HD,Home Depot Inc.,0000354950,5251,LOW,Lowes Companies Inc.
12003,006502,2001,6502,11259,0.0027,011259,KR,Kroger Co.,0000056873,5411,WMT,Walmart Inc.
12016,006829,2001,6829,5680,0.0765,005680,LOW,Lowes Companies Inc.,0000060667,5251,HD,Home Depot Inc.
12039,007241,2001,7241,4016,0.0183,004016,CVS,CVS Health Corp.,0000064803,5912,DG,Dollar General Corp.
12046,007241,2001,7241,11259,0.0157,011259,CVS,CVS Health Corp.,0000064803,5912,WMT,Walmart Inc.
12047,007241,2001,7241,11264,0.0731,011264,CVS,CVS Health Corp.,0000064803,5912,WBA,Walgreens Boots Alliance Inc.
12049,007241,2001,7241,11672,0.0465,011672,CVS,CVS Health Corp.,0000064803,5912,TJX,TJX Companies Inc.
12085,011259,2001,11259,6502,0.0027,006502,WMT,Walmart Inc.,0000104169,5331,KR,Kroger Co.
12086,011259,2001,11259,7241,0.0157,007241,WMT,Walmart Inc.,0000104169,5331,CVS,CVS Health Corp.
12100,011259,2001,11259,11672,0.1384,011672,WMT,Walmart Inc.,0000104169,5331,TJX,TJX Companies Inc.
12150,011264,2001,11264,3813,0.0142,003813,WBA,Walgreens Boots Alliance Inc.,0001618921,5912,TGT,Target Corp.
12152,011264,2001,11264,4611,0.0042,004611,WBA,Walgreens Boots Alliance Inc.,0001618921,5912,M,Macys Inc.
12155,011264,2001,11264,7241,0.0731,007241,WBA,Walgreens Boots Alliance Inc.,0001618921,5912,CVS,CVS Health Corp.
12182,011672,2001,11672,7241,0.0465,007241,TJX,TJX Companies Inc.,0000109198,5651,CVS,CVS Health Corp.
12202,011672,2001,11672,11259,0.1384,011259,TJX,TJX Companies Inc.,0000109198,5651,WMT,Walmart Inc.
12305,012141,2001,12141,1690,0.0716,001690,MSFT,Microsoft Corp.,0000789019,7372,AAPL,Apple Inc.
12593,031587,2001,31587,4016,0.0251,004016,DLTR,Dollar Tree Inc.,0000935703,5331,DG,Dollar General Corp.
12688,001690,2002,1690,12141,0.109,012141,AAPL,Apple Inc.,0000320193,3571,MSFT,Microsoft Corp.
12874,002184,2002,2184,4016,0.0056,004016,BBY,Best Buy Co. Inc.,0000764478,5731,DG,Dollar General Corp.
12883,002184,2002,2184,11259,0.0193,011259,BBY,Best Buy Co. Inc.,0000764478,5731,WMT,Walmart Inc.
12885,002184,2002,2184,11672,0.0717,011672,BBY,Best Buy Co. Inc.,0000764478,5731,TJX,TJX Companies Inc.
12938,003813,2002,3813,11264,0.0365,011264,TGT,Target Corp.,0000027419,5331,WBA,Walgreens Boots Alliance Inc.
12946,004016,2002,4016,2184,0.0056,002184,DG,Dollar General Corp.,0000029534,5331,BBY,Best Buy Co. Inc.
12962,004016,2002,4016,11259,0.0514,011259,DG,Dollar General Corp.,0000029534,5331,WMT,Walmart Inc.
12965,004016,2002,4016,11672,0.0136,011672,DG,Dollar General Corp.,0000029534,5331,TJX,TJX Companies Inc.
12989,004016,2002,4016,31587,0.0918,031587,DG,Dollar General Corp.,0000029534,5331,DLTR,Dollar Tree Inc.
13032,005680,2002,5680,6829,0.0659,006829,HD,Home Depot Inc.,0000354950,5251,LOW,Lowes Companies Inc.
13062,006502,2002,6502,11259,0.0117,011259,KR,Kroger Co.,0000056873,5411,WMT,Walmart Inc.
13078,006829,2002,6829,5680,0.0659,005680,LOW,Lowes Companies Inc.,0000060667,5251,HD,Home Depot Inc.
13101,007241,2002,7241,11264,0.0806,011264,CVS,CVS Health Corp.,0000064803,5912,WBA,Walgreens Boots Alliance Inc.
13116,011259,2002,11259,2184,0.0193,002184,WMT,Walmart Inc.,0000104169,5331,BBY,Best Buy Co. Inc.
13121,011259,2002,11259,4016,0.0514,004016,WMT,Walmart Inc.,0000104169,5331,DG,Dollar General Corp.
13126,011259,2002,11259,6502,0.0117,006502,WMT,Walmart Inc.,0000104169,5331,KR,Kroger Co.
13138,011259,2002,11259,11672,0.1445,011672,WMT,Walmart Inc.,0000104169,5331,TJX,TJX Companies Inc.
13182,011264,2002,11264,3813,0.0365,003813,WBA,Walgreens Boots Alliance Inc.,0001618921,5912,TGT,Target Corp.
13185,011264,2002,11264,7241,0.0806,007241,WBA,Walgreens Boots Alliance Inc.,0001618921,5912,CVS,CVS Health Corp.
13189,011264,2002,11264,11672,0.0038,011672,WBA,Walgreens Boots Alliance Inc.,0001618921,5912,TJX,TJX Companies Inc.
13194,011672,2002,11672,2184,0.0717,002184,TJX,TJX Companies Inc.,0000109198,5651,BBY,Best Buy Co. Inc.
13202,011672,2002,11672,4016,0.0136,004016,TJX,TJX Companies Inc.,0000109198,5651,DG,Dollar General Corp.
13226,011672,2002,11672,11259,0.1445,011259,TJX,TJX Companies Inc.,0000109198,5651,WMT,Walmart Inc.
13227,011672,2002,11672,11264,0.0038,011264,TJX,TJX Companies Inc.,0000109198,5651,WBA,Walgreens Boots Alliance Inc.
13311,012141,2002,12141,1690,0.109,001690,MSFT,Microsoft Corp.,0000789019,7372,AAPL,Apple Inc.
13546,031587,2002,31587,4016,0.0918,004016,DLTR,Dollar Tree Inc.,0000935703,5331,DG,Dollar General Corp.
13627,001690,2003,1690,12141,0.0565,012141,AAPL,Apple Inc.,0000320193,3571,MSFT,Microsoft Corp.
13786,002184,2003,2184,11672,0.0505,011672,BBY,Best Buy Co. Inc.,0000764478,5731,TJX,TJX Companies Inc.
13831,003813,2003,3813,11264,0.0425,011264,TGT,Target Corp.,0000027419,5331,WBA,Walgreens Boots Alliance Inc.
13853,004016,2003,4016,11259,0.0223,011259,DG,Dollar General Corp.,0000029534,5331,WMT,Walmart Inc.
13854,004016,2003,4016,11264,0.0143,011264,DG,Dollar General Corp.,0000029534,5331,WBA,Walgreens Boots Alliance Inc.
13857,004016,2003,4016,11672,0.0053,011672,DG,Dollar General Corp.,0000029534,5331,TJX,TJX Companies Inc.
13908,005680,2003,5680,6829,0.0413,006829,HD,Home Depot Inc.,0000354950,5251,LOW,Lowes Companies Inc.
13912,005680,2003,5680,11672,0.0279,011672,HD,Home Depot Inc.,0000354950,5251,TJX,TJX Companies Inc.
13943,006502,2003,6502,11259,0.015,011259,KR,Kroger Co.,0000056873,5411,WMT,Walmart Inc.
13955,006829,2003,6829,5680,0.0413,005680,LOW,Lowes Companies Inc.,0000060667,5251,HD,Home Depot Inc.
13969,007241,2003,7241,11264,0.0878,011264,CVS,CVS Health Corp.,0000064803,5912,WBA,Walgreens Boots Alliance Inc.
13987,011259,2003,11259,4016,0.0223,004016,WMT,Walmart Inc.,0000104169,5331,DG,Dollar General Corp.
13992,011259,2003,11259,6502,0.015,006502,WMT,Walmart Inc.,0000104169,5331,KR,Kroger Co.
14001,011259,2003,11259,11672,0.1346,011672,WMT,Walmart Inc.,0000104169,5331,TJX,TJX Companies Inc.
14041,011264,2003,11264,3813,0.0425,003813,WBA,Walgreens Boots Alliance Inc.,0001618921,5912,TGT,Target Corp.
14042,011264,2003,11264,4016,0.0143,004016,WBA,Walgreens Boots Alliance Inc.,0001618921,5912,DG,Dollar General Corp.
14044,011264,2003,11264,7241,0.0878,007241,WBA,Walgreens Boots Alliance Inc.,0001618921,5912,CVS,CVS Health Corp.
14049,011672,2003,11672,2184,0.0505,002184,TJX,TJX Companies Inc.,0000109198,5651,BBY,Best Buy Co. Inc.
14058,011672,2003,11672,4016,0.0053,004016,TJX,TJX Companies Inc.,0000109198,5651,DG,Dollar General Corp.
14066,011672,2003,11672,5680,0.0279,005680,TJX,TJX Companies Inc.,0000109198,5651,HD,Home Depot Inc.
14079,011672,2003,11672,11259,0.1346,011259,TJX,TJX Companies Inc.,0000109198,5651,WMT,Walmart Inc.
14172,012141,2003,12141,1690,0.0565,001690,MSFT,Microsoft Corp.,0000789019,7372,AAPL,Apple Inc.
14377,001690,2004,1690,12141,0.047,012141,AAPL,Apple Inc.,0000320193,3571,MSFT,Microsoft Corp.
14506,001690,2004,1690,160329,0.0029,160329,AAPL,Apple Inc.,0000320193,3571,GOOGL,Alphabet Inc.
14513,002184,2004,2184,5680,0.0054,005680,BBY,Best Buy Co. Inc.,0000764478,5731,HD,Home Depot Inc.
14518,002184,2004,2184,11259,0.0025,011259,BBY,Best Buy Co. Inc.,0000764478,5731,WMT,Walmart Inc.
14519,002184,2004,2184,11672,0.0358,011672,BBY,Best Buy Co. Inc.,0000764478,5731,TJX,TJX Companies Inc.
14556,004016,2004,4016,11259,0.0638,011259,DG,Dollar General Corp.,0000029534,5331,WMT,Walmart Inc.
14558,004016,2004,4016,11672,0.0262,011672,DG,Dollar General Corp.,0000029534,5331,TJX,TJX Companies Inc.
14571,004016,2004,4016,31587,0.0682,031587,DG,Dollar General Corp.,0000029534,5331,DLTR,Dollar Tree Inc.
14588,004611,2004,4611,6502,0.0236,006502,M,Macys Inc.,0000794367,5311,KR,Kroger Co.
14606,005680,2004,5680,2184,0.0054,002184,HD,Home Depot Inc.,0000354950,5251,BBY,Best Buy Co. Inc.
14613,005680,2004,5680,6829,0.0545,006829,HD,Home Depot Inc.,0000354950,5251,LOW,Lowes Companies Inc.
14617,005680,2004,5680,11259,0.0115,011259,HD,Home Depot Inc.,0000354950,5251,WMT,Walmart Inc.
14618,005680,2004,5680,11672,0.0288,011672,HD,Home Depot Inc.,0000354950,5251,TJX,TJX Companies Inc.
14640,006502,2004,6502,4611,0.0236,004611,KR,Kroger Co.,0000056873,5411,M,Macys Inc.
14649,006502,2004,6502,11259,0.0402,011259,KR,Kroger Co.,0000056873,5411,WMT,Walmart Inc.
14661,006829,2004,6829,5680,0.0545,005680,LOW,Lowes Companies Inc.,0000060667,5251,HD,Home Depot Inc.
14671,007241,2004,7241,11264,0.0198,011264,CVS,CVS Health Corp.,0000064803,5912,WBA,Walgreens Boots Alliance Inc.
14684,011259,2004,11259,2184,0.0025,002184,WMT,Walmart Inc.,0000104169,5331,BBY,Best Buy Co. Inc.
14689,011259,2004,11259,4016,0.0638,004016,WMT,Walmart Inc.,0000104169,5331,DG,Dollar General Corp.
14697,011259,2004,11259,5680,0.0115,005680,WMT,Walmart Inc.,0000104169,5331,HD,Home Depot Inc.
14699,011259,2004,11259,6502,0.0402,006502,WMT,Walmart Inc.,0000104169,5331,KR,Kroger Co.
14711,011259,2004,11259,11672,0.1192,011672,WMT,Walmart Inc.,0000104169,5331,TJX,TJX Companies Inc.
14735,011259,2004,11259,31587,0.0319,031587,WMT,Walmart Inc.,0000104169,5331,DLTR,Dollar Tree Inc.
14756,011264,2004,11264,7241,0.0198,007241,WBA,Walgreens Boots Alliance Inc.,0001618921,5912,CVS,CVS Health Corp.
14760,011672,2004,11672,2184,0.0358,002184,TJX,TJX Companies Inc.,0000109198,5651,BBY,Best Buy Co. Inc.
14768,011672,2004,11672,4016,0.0262,004016,TJX,TJX Companies Inc.,0000109198,5651,DG,Dollar General Corp.
14777,011672,2004,11672,5680,0.0288,005680,TJX,TJX Companies Inc.,0000109198,5651,HD,Home Depot Inc.
14790,011672,2004,11672,11259,0.1192,011259,TJX,TJX Companies Inc.,0000109198,5651,WMT,Walmart Inc.
14883,012141,2004,12141,1690,0.047,001690,MSFT,Microsoft Corp.,0000789019,7372,AAPL,Apple Inc.
15071,012141,2004,12141,160329,0.0015,160329,MSFT,Microsoft Corp.,0000789019,7372,GOOGL,Alphabet Inc.
15077,031587,2004,31587,4016,0.0682,004016,DLTR,Dollar Tree Inc.,0000935703,5331,DG,Dollar General Corp.
15085,031587,2004,31587,11259,0.0319,011259,DLTR,Dollar Tree Inc.,0000935703,5331,WMT,Walmart Inc.
15138,160329,2004,160329,1690,0.0029,001690,GOOGL,Alphabet Inc.,0001652044,7389,AAPL,Apple Inc.
15140,160329,2004,160329,12141,0.0015,012141,GOOGL,Alphabet Inc.,0001652044,7389,MSFT,Microsoft Corp.
15299,001690,2005,1690,160329,0.0114,160329,AAPL,Apple Inc.,0000320193,3571,GOOGL,Alphabet Inc.
15307,002184,2005,2184,5680,0.0045,005680,BBY,Best Buy Co. Inc.,0000764478,5731,HD,Home Depot Inc.
15312,002184,2005,2184,11672,0.0496,011672,BBY,Best Buy Co. Inc.,0000764478,5731,TJX,TJX Companies Inc.
15344,003813,2005,3813,11264,0.008,011264,TGT,Target Corp.,0000027419,5331,WBA,Walgreens Boots Alliance Inc.
15358,004016,2005,4016,11259,0.0261,011259,DG,Dollar General Corp.,0000029534,5331,WMT,Walmart Inc.
15360,004016,2005,4016,11672,0.0142,011672,DG,Dollar General Corp.,0000029534,5331,TJX,TJX Companies Inc.
15374,004016,2005,4016,31587,0.0654,031587,DG,Dollar General Corp.,0000029534,5331,DLTR,Dollar Tree Inc.
15397,005680,2005,5680,2184,0.0045,002184,HD,Home Depot Inc.,0000354950,5251,BBY,Best Buy Co. Inc.
15402,005680,2005,5680,6829,0.0708,006829,HD,Home Depot Inc.,0000354950,5251,LOW,Lowes Companies Inc.
15406,005680,2005,5680,11259,0.0177,011259,HD,Home Depot Inc.,0000354950,5251,WMT,Walmart Inc.
15407,005680,2005,5680,11672,0.0117,011672,HD,Home Depot Inc.,0000354950,5251,TJX,TJX Companies Inc.
15449,006829,2005,6829,5680,0.0708,005680,LOW,Lowes Companies Inc.,0000060667,5251,HD,Home Depot Inc.
15453,006829,2005,6829,11672,0.031,011672,LOW,Lowes Companies Inc.,0000060667,5251,TJX,TJX Companies Inc.
15472,007241,2005,7241,11264,0.0291,011264,CVS,CVS Health Corp.,0000064803,5912,WBA,Walgreens Boots Alliance Inc.
15483,011259,2005,11259,4016,0.0261,004016,WMT,Walmart Inc.,0000104169,5331,DG,Dollar General Corp.
15488,011259,2005,11259,5680,0.0177,005680,WMT,Walmart Inc.,0000104169,5331,HD,Home Depot Inc.
15495,011259,2005,11259,11672,0.1182,011672,WMT,Walmart Inc.,0000104169,5331,TJX,TJX Companies Inc.
15542,011264,2005,11264,3813,0.008,003813,WBA,Walgreens Boots Alliance Inc.,0001618921,5912,TGT,Target Corp.
15544,011264,2005,11264,7241,0.0291,007241,WBA,Walgreens Boots Alliance Inc.,0001618921,5912,CVS,CVS Health Corp.
15549,011672,2005,11672,2184,0.0496,002184,TJX,TJX Companies Inc.,0000109198,5651,BBY,Best Buy Co. Inc.
15558,011672,2005,11672,4016,0.0142,004016,TJX,TJX Companies Inc.,0000109198,5651,DG,Dollar General Corp.
15564,011672,2005,11672,5680,0.0117,005680,TJX,TJX Companies Inc.,0000109198,5651,HD,Home Depot Inc.
15567,011672,2005,11672,6829,0.031,006829,TJX,TJX Companies Inc.,0000109198,5651,LOW,Lowes Companies Inc.
15579,011672,2005,11672,11259,0.1182,011259,TJX,TJX Companies Inc.,0000109198,5651,WMT,Walmart Inc.
15827,012141,2005,12141,160329,0.0286,160329,MSFT,Microsoft Corp.,0000789019,7372,GOOGL,Alphabet Inc.
15834,031587,2005,31587,4016,0.0654,004016,DLTR,Dollar Tree Inc.,0000935703,5331,DG,Dollar General Corp.
15906,160329,2005,160329,1690,0.0114,001690,GOOGL,Alphabet Inc.,0001652044,7389,AAPL,Apple Inc.
15909,160329,2005,160329,12141,0.0286,012141,GOOGL,Alphabet Inc.,0001652044,7389,MSFT,Microsoft Corp.
15994,001690,2006,1690,12141,0.0189,012141,AAPL,Apple Inc.,0000320193,3571,MSFT,Microsoft Corp.
16073,001690,2006,1690,160329,0.0023,160329,AAPL,Apple Inc.,0000320193,3571,GOOGL,Alphabet Inc.
16087,002184,2006,2184,4016,0.0025,004016,BBY,Best Buy Co. Inc.,0000764478,5731,DG,Dollar General Corp.
16095,002184,2006,2184,11259,0.0051,011259,BBY,Best Buy Co. Inc.,0000764478,5731,WMT,Walmart Inc.
16096,002184,2006,2184,11672,0.0646,011672,BBY,Best Buy Co. Inc.,0000764478,5731,TJX,TJX Companies Inc.
16108,002184,2006,2184,31587,0.0064,031587,BBY,Best Buy Co. Inc.,0000764478,5731,DLTR,Dollar Tree Inc.
16127,003813,2006,3813,6502,0.0204,006502,TGT,Target Corp.,0000027419,5331,KR,Kroger Co.
16132,004016,2006,4016,2184,0.0025,002184,DG,Dollar General Corp.,0000029534,5331,BBY,Best Buy Co. Inc.
16141,004016,2006,4016,6502,0.0025,006502,DG,Dollar General Corp.,0000029534,5331,KR,Kroger Co.
16143,004016,2006,4016,6829,0.0037,006829,DG,Dollar General Corp.,0000029534,5331,LOW,Lowes Companies Inc.
16148,004016,2006,4016,11259,0.0473,011259,DG,Dollar General Corp.,0000029534,5331,WMT,Walmart Inc.
16150,004016,2006,4016,11672,0.0467,011672,DG,Dollar General Corp.,0000029534,5331,TJX,TJX Companies Inc.
16165,004016,2006,4016,31587,0.054,031587,DG,Dollar General Corp.,0000029534,5331,DLTR,Dollar Tree Inc.
16196,005680,2006,5680,6829,0.0224,006829,HD,Home Depot Inc.,0000354950,5251,LOW,Lowes Companies Inc.
16201,006502,2006,6502,3813,0.0204,003813,KR,Kroger Co.,0000056873,5411,TGT,Target Corp.
16203,006502,2006,6502,4016,0.0025,004016,KR,Kroger Co.,0000056873,5411,DG,Dollar General Corp.
16211,006502,2006,6502,11259,0.0394,011259,KR,Kroger Co.,0000056873,5411,WMT,Walmart Inc.
16223,006829,2006,6829,4016,0.0037,004016,LOW,Lowes Companies Inc.,0000060667,5251,DG,Dollar General Corp.
16225,006829,2006,6829,5680,0.0224,005680,LOW,Lowes Companies Inc.,0000060667,5251,HD,Home Depot Inc.
16228,006829,2006,6829,11672,0.0056,011672,LOW,Lowes Companies Inc.,0000060667,5251,TJX,TJX Companies Inc.
16248,007241,2006,7241,11264,0.0452,011264,CVS,CVS Health Corp.,0000064803,5912,WBA,Walgreens Boots Alliance Inc.
16259,011259,2006,11259,2184,0.0051,002184,WMT,Walmart Inc.,0000104169,5331,BBY,Best Buy Co. Inc.
16263,011259,2006,11259,4016,0.0473,004016,WMT,Walmart Inc.,0000104169,5331,DG,Dollar General Corp.
16269,011259,2006,11259,6502,0.0394,006502,WMT,Walmart Inc.,0000104169,5331,KR,Kroger Co.
16281,011259,2006,11259,11672,0.1396,011672,WMT,Walmart Inc.,0000104169,5331,TJX,TJX Companies Inc.
16325,011264,2006,11264,7241,0.0452,007241,WBA,Walgreens Boots Alliance Inc.,0001618921,5912,CVS,CVS Health Corp.
16329,011672,2006,11672,2184,0.0646,002184,TJX,TJX Companies Inc.,0000109198,5651,BBY,Best Buy Co. Inc.
16339,011672,2006,11672,4016,0.0467,004016,TJX,TJX Companies Inc.,0000109198,5651,DG,Dollar General Corp.
16352,011672,2006,11672,6829,0.0056,006829,TJX,TJX Companies Inc.,0000109198,5651,LOW,Lowes Companies Inc.
16362,011672,2006,11672,11259,0.1396,011259,TJX,TJX Companies Inc.,0000109198,5651,WMT,Walmart Inc.
16460,012141,2006,12141,1690,0.0189,001690,MSFT,Microsoft Corp.,0000789019,7372,AAPL,Apple Inc.
16631,031587,2006,31587,2184,0.0064,002184,DLTR,Dollar Tree Inc.,0000935703,5331,BBY,Best Buy Co. Inc.
16636,031587,2006,31587,4016,0.054,004016,DLTR,Dollar Tree Inc.,0000935703,5331,DG,Dollar General Corp.
16705,064768,2006,64768,160329,0.0386,160329,AMZN,Amazon.com Inc.,0001018724,5961,GOOGL,Alphabet Inc.
16710,160329,2006,160329,1690,0.0023,001690,GOOGL,Alphabet Inc.,0001652044,7389,AAPL,Apple Inc.
16729,160329,2006,160329,64768,0.0386,064768,GOOGL,Alphabet Inc.,0001652044,7389,AMZN,Amazon.com Inc.
16795,001690,2007,1690,12141,0.0209,012141,AAPL,Apple Inc.,0000320193,3571,MSFT,Microsoft Corp.
16874,001690,2007,1690,160329,0.0076,160329,AAPL,Apple Inc.,0000320193,3571,GOOGL,Alphabet Inc.
16891,002184,2007,2184,4016,0.0097,004016,BBY,Best Buy Co. Inc.,0000764478,5731,DG,Dollar General Corp.
16896,002184,2007,2184,6829,0.004,006829,BBY,Best Buy Co. Inc.,0000764478,5731,LOW,Lowes Companies Inc.
16899,002184,2007,2184,11672,0.0237,011672,BBY,Best Buy Co. Inc.,0000764478,5731,TJX,TJX Companies Inc.
16911,002184,2007,2184,31587,0.0059,031587,BBY,Best Buy Co. Inc.,0000764478,5731,DLTR,Dollar Tree Inc.
16932,004016,2007,4016,2184,0.0097,002184,DG,Dollar General Corp.,0000029534,5331,BBY,Best Buy Co. Inc.
16942,004016,2007,4016,6502,0.0014,006502,DG,Dollar General Corp.,0000029534,5331,KR,Kroger Co.
16943,004016,2007,4016,6829,0.0042,006829,DG,Dollar General Corp.,0000029534,5331,LOW,Lowes Companies Inc.
16946,004016,2007,4016,11259,0.0259,011259,DG,Dollar General Corp.,0000029534,5331,WMT,Walmart Inc.
16948,004016,2007,4016,11672,0.0097,011672,DG,Dollar General Corp.,0000029534,5331,TJX,TJX Companies Inc.
16965,004016,2007,4016,31587,0.0727,031587,DG,Dollar General Corp.,0000029534,5331,DLTR,Dollar Tree Inc.
16999,005680,2007,5680,6829,0.0217,006829,HD,Home Depot Inc.,0000354950,5251,LOW,Lowes Companies Inc.
17005,006502,2007,6502,4016,0.0014,004016,KR,Kroger Co.,0000056873,5411,DG,Dollar General Corp.
17015,006502,2007,6502,11259,0.0553,011259,KR,Kroger Co.,0000056873,5411,WMT,Walmart Inc.
17022,006502,2007,6502,31587,0.0007,031587,KR,Kroger Co.,0000056873,5411,DLTR,Dollar Tree Inc.
17024,006829,2007,6829,2184,0.004,002184,LOW,Lowes Companies Inc.,0000060667,5251,BBY,Best Buy Co. Inc.
17026,006829,2007,6829,4016,0.0042,004016,LOW,Lowes Companies Inc.,0000060667,5251,DG,Dollar General Corp.
17028,006829,2007,6829,5680,0.0217,005680,LOW,Lowes Companies Inc.,0000060667,5251,HD,Home Depot Inc.
17038,006829,2007,6829,31587,0.0145,031587,LOW,Lowes Companies Inc.,0000060667,5251,DLTR,Dollar Tree Inc.
17161,011259,2007,11259,4016,0.0259,004016,WMT,Walmart Inc.,0000104169,5331,DG,Dollar General Corp.
17166,011259,2007,11259,6502,0.0553,006502,WMT,Walmart Inc.,0000104169,5331,KR,Kroger Co.
17180,011259,2007,11259,11672,0.0833,011672,WMT,Walmart Inc.,0000104169,5331,TJX,TJX Companies Inc.
17226,011672,2007,11672,2184,0.0237,002184,TJX,TJX Companies Inc.,0000109198,5651,BBY,Best Buy Co. Inc.
17231,011672,2007,11672,4016,0.0097,004016,TJX,TJX Companies Inc.,0000109198,5651,DG,Dollar General Corp.
17248,011672,2007,11672,11259,0.0833,011259,TJX,TJX Companies Inc.,0000109198,5651,WMT,Walmart Inc.
17309,012141,2007,12141,1690,0.0209,001690,MSFT,Microsoft Corp.,0000789019,7372,AAPL,Apple Inc.
17413,031587,2007,31587,2184,0.0059,002184,DLTR,Dollar Tree Inc.,0000935703,5331,BBY,Best Buy Co. Inc.
17417,031587,2007,31587,4016,0.0727,004016,DLTR,Dollar Tree Inc.,0000935703,5331,DG,Dollar General Corp.
17423,031587,2007,31587,6502,0.0007,006502,DLTR,Dollar Tree Inc.,0000935703,5331,KR,Kroger Co.
17425,031587,2007,31587,6829,0.0145,006829,DLTR,Dollar Tree Inc.,0000935703,5331,LOW,Lowes Companies Inc.
17492,064768,2007,64768,160329,0.0253,160329,AMZN,Amazon.com Inc.,0001018724,5961,GOOGL,Alphabet Inc.
17500,160329,2007,160329,1690,0.0076,001690,GOOGL,Alphabet Inc.,0001652044,7389,AAPL,Apple Inc.
17519,160329,2007,160329,64768,0.0253,064768,GOOGL,Alphabet Inc.,0001652044,7389,AMZN,Amazon.com Inc.
17583,001690,2008,1690,12141,0.0217,012141,AAPL,Apple Inc.,0000320193,3571,MSFT,Microsoft Corp.
17664,001690,2008,1690,160329,0.0142,160329,AAPL,Apple Inc.,0000320193,3571,GOOGL,Alphabet Inc.
17688,002184,2008,2184,11672,0.1056,011672,BBY,Best Buy Co. Inc.,0000764478,5731,TJX,TJX Companies Inc.
17744,004016,2008,4016,31587,0.066,031587,DG,Dollar General Corp.,0000029534,5331,DLTR,Dollar Tree Inc.
17778,005680,2008,5680,6829,0.0004,006829,HD,Home Depot Inc.,0000354950,5251,LOW,Lowes Companies Inc.
17790,006502,2008,6502,11259,0.0688,011259,KR,Kroger Co.,0000056873,5411,WMT,Walmart Inc.
17799,006829,2008,6829,5680,0.0004,005680,LOW,Lowes Companies Inc.,0000060667,5251,HD,Home Depot Inc.
17809,006829,2008,6829,31587,0.0078,031587,LOW,Lowes Companies Inc.,0000060667,5251,DLTR,Dollar Tree Inc.
17847,007241,2008,7241,11264,0.0147,011264,CVS,CVS Health Corp.,0000064803,5912,WBA,Walgreens Boots Alliance Inc.
17949,011259,2008,11259,6502,0.0688,006502,WMT,Walmart Inc.,0000104169,5331,KR,Kroger Co.
17964,011259,2008,11259,31587,0.0133,031587,WMT,Walmart Inc.,0000104169,5331,DLTR,Dollar Tree Inc.
17970,011264,2008,11264,7241,0.0147,007241,WBA,Walgreens Boots Alliance Inc.,0001618921,5912,CVS,CVS Health Corp.
17975,011672,2008,11672,2184,0.1056,002184,TJX,TJX Companies Inc.,0000109198,5651,BBY,Best Buy Co. Inc.
18039,011672,2008,11672,31587,0.0053,031587,TJX,TJX Companies Inc.,0000109198,5651,DLTR,Dollar Tree Inc.
18086,012141,2008,12141,1690,0.0217,001690,MSFT,Microsoft Corp.,0000789019,7372,AAPL,Apple Inc.
18202,031587,2008,31587,4016,0.066,004016,DLTR,Dollar Tree Inc.,0000935703,5331,DG,Dollar General Corp.
18208,031587,2008,31587,6829,0.0078,006829,DLTR,Dollar Tree Inc.,0000935703,5331,LOW,Lowes Companies Inc.
18210,031587,2008,31587,11259,0.0133,011259,DLTR,Dollar Tree Inc.,0000935703,5331,WMT,Walmart Inc.
18212,031587,2008,31587,11672,0.0053,011672,DLTR,Dollar Tree Inc.,0000935703,5331,TJX,TJX Companies Inc.
18254,160329,2008,160329,1690,0.0142,001690,GOOGL,Alphabet Inc.,0001652044,7389,AAPL,Apple Inc.
18348,001690,2009,1690,12141,0.0093,012141,AAPL,Apple Inc.,0000320193,3571,MSFT,Microsoft Corp.
18390,001690,2009,1690,160329,0.0105,160329,AAPL,Apple Inc.,0000320193,3571,GOOGL,Alphabet Inc.
18398,002184,2009,2184,11672,0.0174,011672,BBY,Best Buy Co. Inc.,0000764478,5731,TJX,TJX Companies Inc.
18408,002184,2009,2184,31587,0.003,031587,BBY,Best Buy Co. Inc.,0000764478,5731,DLTR,Dollar Tree Inc.
18444,006502,2009,6502,11259,0.0668,011259,KR,Kroger Co.,0000056873,5411,WMT,Walmart Inc.
18491,007241,2009,7241,11264,0.0345,011264,CVS,CVS Health Corp.,0000064803,5912,WBA,Walgreens Boots Alliance Inc.
18597,011259,2009,11259,6502,0.0668,006502,WMT,Walmart Inc.,0000104169,5331,KR,Kroger Co.
18607,011259,2009,11259,11672,0.0198,011672,WMT,Walmart Inc.,0000104169,5331,TJX,TJX Companies Inc.
18616,011259,2009,11259,31587,0.0217,031587,WMT,Walmart Inc.,0000104169,5331,DLTR,Dollar Tree Inc.
18622,011264,2009,11264,7241,0.0345,007241,WBA,Walgreens Boots Alliance Inc.,0001618921,5912,CVS,CVS Health Corp.
18626,011672,2009,11672,2184,0.0174,002184,TJX,TJX Companies Inc.,0000109198,5651,BBY,Best Buy Co. Inc.
18653,011672,2009,11672,11259,0.0198,011259,TJX,TJX Companies Inc.,0000109198,5651,WMT,Walmart Inc.
18732,012141,2009,12141,1690,0.0093,001690,MSFT,Microsoft Corp.,0000789019,7372,AAPL,Apple Inc.
18799,012141,2009,12141,160329,0.0033,160329,MSFT,Microsoft Corp.,0000789019,7372,GOOGL,Alphabet Inc.
18814,031587,2009,31587,2184,0.003,002184,DLTR,Dollar Tree Inc.,0000935703,5331,BBY,Best Buy Co. Inc.
18822,031587,2009,31587,11259,0.0217,011259,DLTR,Dollar Tree Inc.,0000935703,5331,WMT,Walmart Inc.
18862,160329,2009,160329,1690,0.0105,001690,GOOGL,Alphabet Inc.,0001652044,7389,AAPL,Apple Inc.
18866,160329,2009,160329,12141,0.0033,012141,GOOGL,Alphabet Inc.,0001652044,7389,MSFT,Microsoft Corp.
18946,001690,2010,1690,12141,0.0118,012141,AAPL,Apple Inc.,0000320193,3571,MSFT,Microsoft Corp.
18984,002184,2010,2184,3813,0.0103,003813,BBY,Best Buy Co. Inc.,0000764478,5731,TGT,Target Corp.
18985,002184,2010,2184,4016,0.0309,004016,BBY,Best Buy Co. Inc.,0000764478,5731,DG,Dollar General Corp.
18986,002184,2010,2184,5680,0.0026,005680,BBY,Best Buy Co. Inc.,0000764478,5731,HD,Home Depot Inc.
18997,002184,2010,2184,31587,0.0024,031587,BBY,Best Buy Co. Inc.,0000764478,5731,DLTR,Dollar Tree Inc.
19007,003813,2010,3813,2184,0.0103,002184,TGT,Target Corp.,0000027419,5331,BBY,Best Buy Co. Inc.
19009,003813,2010,3813,4016,0.0159,004016,TGT,Target Corp.,0000027419,5331,DG,Dollar General Corp.
19011,003813,2010,3813,6502,0.0517,006502,TGT,Target Corp.,0000027419,5331,KR,Kroger Co.
19014,003813,2010,3813,11259,0.0692,011259,TGT,Target Corp.,0000027419,5331,WMT,Walmart Inc.
19018,004016,2010,4016,2184,0.0309,002184,DG,Dollar General Corp.,0000029534,5331,BBY,Best Buy Co. Inc.
19020,004016,2010,4016,3813,0.0159,003813,DG,Dollar General Corp.,0000029534,5331,TGT,Target Corp.
19034,004016,2010,4016,31587,0.02,031587,DG,Dollar General Corp.,0000029534,5331,DLTR,Dollar Tree Inc.
19058,005680,2010,5680,2184,0.0026,002184,HD,Home Depot Inc.,0000354950,5251,BBY,Best Buy Co. Inc.
19060,005680,2010,5680,6829,0.0593,006829,HD,Home Depot Inc.,0000354950,5251,LOW,Lowes Companies Inc.
19062,006502,2010,6502,3813,0.0517,003813,KR,Kroger Co.,0000056873,5411,TGT,Target Corp.
19069,006502,2010,6502,11259,0.0584,011259,KR,Kroger Co.,0000056873,5411,WMT,Walmart Inc.
19075,006829,2010,6829,5680,0.0593,005680,LOW,Lowes Companies Inc.,0000060667,5251,HD,Home Depot Inc.
19077,006829,2010,6829,31587,0.0307,031587,LOW,Lowes Companies Inc.,0000060667,5251,DLTR,Dollar Tree Inc.
19206,011259,2010,11259,3813,0.0692,003813,WMT,Walmart Inc.,0000104169,5331,TGT,Target Corp.
19209,011259,2010,11259,6502,0.0584,006502,WMT,Walmart Inc.,0000104169,5331,KR,Kroger Co.
19219,011259,2010,11259,11672,0.0098,011672,WMT,Walmart Inc.,0000104169,5331,TJX,TJX Companies Inc.
19226,011259,2010,11259,31587,0.0255,031587,WMT,Walmart Inc.,0000104169,5331,DLTR,Dollar Tree Inc.
19255,011672,2010,11672,11259,0.0098,011259,TJX,TJX Companies Inc.,0000109198,5651,WMT,Walmart Inc.
19322,012141,2010,12141,1690,0.0118,001690,MSFT,Microsoft Corp.,0000789019,7372,AAPL,Apple Inc.
19391,012141,2010,12141,160329,0.03,160329,MSFT,Microsoft Corp.,0000789019,7372,GOOGL,Alphabet Inc.
19412,031587,2010,31587,2184,0.0024,002184,DLTR,Dollar Tree Inc.,0000935703,5331,BBY,Best Buy Co. Inc.
19415,031587,2010,31587,4016,0.02,004016,DLTR,Dollar Tree Inc.,0000935703,5331,DG,Dollar General Corp.
19419,031587,2010,31587,6829,0.0307,006829,DLTR,Dollar Tree Inc.,0000935703,5331,LOW,Lowes Companies Inc.
19421,031587,2010,31587,11259,0.0255,011259,DLTR,Dollar Tree Inc.,0000935703,5331,WMT,Walmart Inc.
19459,064768,2010,64768,160329,0.0275,160329,AMZN,Amazon.com Inc.,0001018724,5961,GOOGL,Alphabet Inc.
19461,160329,2010,160329,12141,0.03,012141,GOOGL,Alphabet Inc.,0001652044,7389,MSFT,Microsoft Corp.
19472,160329,2010,160329,64768,0.0275,064768,GOOGL,Alphabet Inc.,0001652044,7389,AMZN,Amazon.com Inc.
19497,001690,2011,1690,12141,0.0146,012141,AAPL,Apple Inc.,0000320193,3571,MSFT,Microsoft Corp.
19529,001690,2011,1690,160329,0.0064,160329,AAPL,Apple Inc.,0000320193,3571,GOOGL,Alphabet Inc.
19541,002184,2011,2184,5680,0.0248,005680,BBY,Best Buy Co. Inc.,0000764478,5731,HD,Home Depot Inc.
19543,002184,2011,2184,6829,0.004,006829,BBY,Best Buy Co. Inc.,0000764478,5731,LOW,Lowes Companies Inc.
19549,002184,2011,2184,31587,0.0283,031587,BBY,Best Buy Co. Inc.,0000764478,5731,DLTR,Dollar Tree Inc.
19556,003813,2011,3813,6502,0.0518,006502,TGT,Target Corp.,0000027419,5331,KR,Kroger Co.
19559,003813,2011,3813,11259,0.0433,011259,TGT,Target Corp.,0000027419,5331,WMT,Walmart Inc.
19584,004016,2011,4016,31587,0.0571,031587,DG,Dollar General Corp.,0000029534,5331,DLTR,Dollar Tree Inc.
19613,005680,2011,5680,2184,0.0248,002184,HD,Home Depot Inc.,0000354950,5251,BBY,Best Buy Co. Inc.
19615,005680,2011,5680,6829,0.052,006829,HD,Home Depot Inc.,0000354950,5251,LOW,Lowes Companies Inc.
19617,006502,2011,6502,3813,0.0518,003813,KR,Kroger Co.,0000056873,5411,TGT,Target Corp.
19625,006502,2011,6502,11259,0.047,011259,KR,Kroger Co.,0000056873,5411,WMT,Walmart Inc.
19634,006829,2011,6829,2184,0.004,002184,LOW,Lowes Companies Inc.,0000060667,5251,BBY,Best Buy Co. Inc.
19635,006829,2011,6829,5680,0.052,005680,LOW,Lowes Companies Inc.,0000060667,5251,HD,Home Depot Inc.
19658,007241,2011,7241,11264,0.0277,011264,CVS,CVS Health Corp.,0000064803,5912,WBA,Walgreens Boots Alliance Inc.
19778,011259,2011,11259,3813,0.0433,003813,WMT,Walmart Inc.,0000104169,5331,TGT,Target Corp.
19781,011259,2011,11259,6502,0.047,006502,WMT,Walmart Inc.,0000104169,5331,KR,Kroger Co.
19800,011264,2011,11264,7241,0.0277,007241,WBA,Walgreens Boots Alliance Inc.,0001618921,5912,CVS,CVS Health Corp.
19884,012141,2011,12141,1690,0.0146,001690,MSFT,Microsoft Corp.,0000789019,7372,AAPL,Apple Inc.
19970,012141,2011,12141,160329,0.0449,160329,MSFT,Microsoft Corp.,0000789019,7372,GOOGL,Alphabet Inc.
19998,031587,2011,31587,2184,0.0283,002184,DLTR,Dollar Tree Inc.,0000935703,5331,BBY,Best Buy Co. Inc.
20000,031587,2011,31587,4016,0.0571,004016,DLTR,Dollar Tree Inc.,0000935703,5331,DG,Dollar General Corp.
20031,160329,2011,160329,1690,0.0064,001690,GOOGL,Alphabet Inc.,0001652044,7389,AAPL,Apple Inc.
20033,160329,2011,160329,12141,0.0449,012141,GOOGL,Alphabet Inc.,0001652044,7389,MSFT,Microsoft Corp.
20103,002184,2012,2184,6829,0.0142,006829,BBY,Best Buy Co. Inc.,0000764478,5731,LOW,Lowes Companies Inc.
20105,002184,2012,2184,31587,0.011,031587,BBY,Best Buy Co. Inc.,0000764478,5731,DLTR,Dollar Tree Inc.
20109,003813,2012,3813,6502,0.0374,006502,TGT,Target Corp.,0000027419,5331,KR,Kroger Co.
20110,003813,2012,3813,11259,0.0196,011259,TGT,Target Corp.,0000027419,5331,WMT,Walmart Inc.
20121,004016,2012,4016,11259,0.012,011259,DG,Dollar General Corp.,0000029534,5331,WMT,Walmart Inc.
20134,004016,2012,4016,31587,0.0594,031587,DG,Dollar General Corp.,0000029534,5331,DLTR,Dollar Tree Inc.
20173,005680,2012,5680,6829,0.041,006829,HD,Home Depot Inc.,0000354950,5251,LOW,Lowes Companies Inc.
20176,006502,2012,6502,3813,0.0374,003813,KR,Kroger Co.,0000056873,5411,TGT,Target Corp.
20182,006502,2012,6502,11259,0.032,011259,KR,Kroger Co.,0000056873,5411,WMT,Walmart Inc.
20187,006829,2012,6829,2184,0.0142,002184,LOW,Lowes Companies Inc.,0000060667,5251,BBY,Best Buy Co. Inc.
20188,006829,2012,6829,5680,0.041,005680,LOW,Lowes Companies Inc.,0000060667,5251,HD,Home Depot Inc.
20206,007241,2012,7241,11264,0.0481,011264,CVS,CVS Health Corp.,0000064803,5912,WBA,Walgreens Boots Alliance Inc.
20307,011259,2012,11259,3813,0.0196,003813,WMT,Walmart Inc.,0000104169,5331,TGT,Target Corp.
20308,011259,2012,11259,4016,0.012,004016,WMT,Walmart Inc.,0000104169,5331,DG,Dollar General Corp.
20311,011259,2012,11259,6502,0.032,006502,WMT,Walmart Inc.,0000104169,5331,KR,Kroger Co.
20327,011264,2012,11264,7241,0.0481,007241,WBA,Walgreens Boots Alliance Inc.,0001618921,5912,CVS,CVS Health Corp.
20380,011672,2012,11672,31587,0.019,031587,TJX,TJX Companies Inc.,0000109198,5651,DLTR,Dollar Tree Inc.
20484,012141,2012,12141,170617,0.0097,170617,MSFT,Microsoft Corp.,0000789019,7372,META,Meta Platforms Inc.
20510,031587,2012,31587,2184,0.011,002184,DLTR,Dollar Tree Inc.,0000935703,5331,BBY,Best Buy Co. Inc.
20511,031587,2012,31587,4016,0.0594,004016,DLTR,Dollar Tree Inc.,0000935703,5331,DG,Dollar General Corp.
20516,031587,2012,31587,11672,0.019,011672,DLTR,Dollar Tree Inc.,0000935703,5331,TJX,TJX Companies Inc.
20547,064768,2012,64768,160329,0.0079,160329,AMZN,Amazon.com Inc.,0001018724,5961,GOOGL,Alphabet Inc.
20558,160329,2012,160329,64768,0.0079,064768,GOOGL,Alphabet Inc.,0001652044,7389,AMZN,Amazon.com Inc.
20573,160329,2012,160329,170617,0.0849,170617,GOOGL,Alphabet Inc.,0001652044,7389,META,Meta Platforms Inc.
20593,170617,2012,170617,12141,0.0097,012141,META,Meta Platforms Inc.,0001326801,7389,MSFT,Microsoft Corp.
20623,170617,2012,170617,160329,0.0849,160329,META,Meta Platforms Inc.,0001326801,7389,GOOGL,Alphabet Inc.
20676,002184,2013,2184,31587,0.0116,031587,BBY,Best Buy Co. Inc.,0000764478,5731,DLTR,Dollar Tree Inc.
20680,003813,2013,3813,4016,0.0009,004016,TGT,Target Corp.,0000027419,5331,DG,Dollar General Corp.
20681,003813,2013,3813,6502,0.0233,006502,TGT,Target Corp.,0000027419,5331,KR,Kroger Co.
20682,003813,2013,3813,11259,0.0166,011259,TGT,Target Corp.,0000027419,5331,WMT,Walmart Inc.
20688,004016,2013,4016,3813,0.0009,003813,DG,Dollar General Corp.,0000029534,5331,TGT,Target Corp.
20707,004016,2013,4016,31587,0.061,031587,DG,Dollar General Corp.,0000029534,5331,DLTR,Dollar Tree Inc.
20734,005680,2013,5680,6829,0.0742,006829,HD,Home Depot Inc.,0000354950,5251,LOW,Lowes Companies Inc.
20735,006502,2013,6502,3813,0.0233,003813,KR,Kroger Co.,0000056873,5411,TGT,Target Corp.
20741,006502,2013,6502,11259,0.0211,011259,KR,Kroger Co.,0000056873,5411,WMT,Walmart Inc.
20747,006829,2013,6829,5680,0.0742,005680,LOW,Lowes Companies Inc.,0000060667,5251,HD,Home Depot Inc.
20763,007241,2013,7241,11264,0.089,011264,CVS,CVS Health Corp.,0000064803,5912,WBA,Walgreens Boots Alliance Inc.
20852,011259,2013,11259,3813,0.0166,003813,WMT,Walmart Inc.,0000104169,5331,TGT,Target Corp.
20854,011259,2013,11259,6502,0.0211,006502,WMT,Walmart Inc.,0000104169,5331,KR,Kroger Co.
20866,011264,2013,11264,7241,0.089,007241,WBA,Walgreens Boots Alliance Inc.,0001618921,5912,CVS,CVS Health Corp.
20911,011672,2013,11672,31587,0.0243,031587,TJX,TJX Companies Inc.,0000109198,5651,DLTR,Dollar Tree Inc.
21041,031587,2013,31587,2184,0.0116,002184,DLTR,Dollar Tree Inc.,0000935703,5331,BBY,Best Buy Co. Inc.
21043,031587,2013,31587,4016,0.061,004016,DLTR,Dollar Tree Inc.,0000935703,5331,DG,Dollar General Corp.
21047,031587,2013,31587,11672,0.0243,011672,DLTR,Dollar Tree Inc.,0000935703,5331,TJX,TJX Companies Inc.
21081,064768,2013,64768,160329,0.0612,160329,AMZN,Amazon.com Inc.,0001018724,5961,GOOGL,Alphabet Inc.
21095,160329,2013,160329,64768,0.0612,064768,GOOGL,Alphabet Inc.,0001652044,7389,AMZN,Amazon.com Inc.
21109,160329,2013,160329,170617,0.0684,170617,GOOGL,Alphabet Inc.,0001652044,7389,META,Meta Platforms Inc.
21164,170617,2013,170617,160329,0.0684,160329,META,Meta Platforms Inc.,0001326801,7389,GOOGL,Alphabet Inc.
21221,002184,2014,2184,5680,0.0086,005680,BBY,Best Buy Co. Inc.,0000764478,5731,HD,Home Depot Inc.
21242,004016,2014,4016,31587,0.0731,031587,DG,Dollar General Corp.,0000029534,5331,DLTR,Dollar Tree Inc.
21260,005680,2014,5680,2184,0.0086,002184,HD,Home Depot Inc.,0000354950,5251,BBY,Best Buy Co. Inc.
21263,005680,2014,5680,6829,0.0869,006829,HD,Home Depot Inc.,0000354950,5251,LOW,Lowes Companies Inc.
21273,006502,2014,6502,11259,0.0243,011259,KR,Kroger Co.,0000056873,5411,WMT,Walmart Inc.
21280,006829,2014,6829,5680,0.0869,005680,LOW,Lowes Companies Inc.,0000060667,5251,HD,Home Depot Inc.
21291,007241,2014,7241,11264,0.1185,011264,CVS,CVS Health Corp.,0000064803,5912,WBA,Walgreens Boots Alliance Inc.
21344,011259,2014,11259,6502,0.0243,006502,WMT,Walmart Inc.,0000104169,5331,KR,Kroger Co.
21360,011264,2014,11264,7241,0.1185,007241,WBA,Walgreens Boots Alliance Inc.,0001618921,5912,CVS,CVS Health Corp.
21525,012141,2014,12141,170617,0.0009,170617,MSFT,Microsoft Corp.,0000789019,7372,META,Meta Platforms Inc.
21549,031587,2014,31587,4016,0.0731,004016,DLTR,Dollar Tree Inc.,0000935703,5331,DG,Dollar General Corp.
21585,064768,2014,64768,160329,0.0161,160329,AMZN,Amazon.com Inc.,0001018724,5961,GOOGL,Alphabet Inc.
21595,160329,2014,160329,64768,0.0161,064768,GOOGL,Alphabet Inc.,0001652044,7389,AMZN,Amazon.com Inc.
21606,170617,2014,170617,12141,0.0009,012141,META,Meta Platforms Inc.,0001326801,7389,MSFT,Microsoft Corp.
21627,001690,2015,1690,12141,0.0137,012141,AAPL,Apple Inc.,0000320193,3571,MSFT,Microsoft Corp.
21676,004016,2015,4016,31587,0.0475,031587,DG,Dollar General Corp.,0000029534,5331,DLTR,Dollar Tree Inc.
21704,005680,2015,5680,6829,0.0449,006829,HD,Home Depot Inc.,0000354950,5251,LOW,Lowes Companies Inc.
21716,006502,2015,6502,11259,0.0096,011259,KR,Kroger Co.,0000056873,5411,WMT,Walmart Inc.
21721,006829,2015,6829,5680,0.0449,005680,LOW,Lowes Companies Inc.,0000060667,5251,HD,Home Depot Inc.
21736,007241,2015,7241,11264,0.0767,011264,CVS,CVS Health Corp.,0000064803,5912,WBA,Walgreens Boots Alliance Inc.
21798,011259,2015,11259,6502,0.0096,006502,WMT,Walmart Inc.,0000104169,5331,KR,Kroger Co.
21808,011264,2015,11264,7241,0.0767,007241,WBA,Walgreens Boots Alliance Inc.,0001618921,5912,CVS,CVS Health Corp.
21859,011672,2015,11672,31587,0.0064,031587,TJX,TJX Companies Inc.,0000109198,5651,DLTR,Dollar Tree Inc.
21894,012141,2015,12141,1690,0.0137,001690,MSFT,Microsoft Corp.,0000789019,7372,AAPL,Apple Inc.
22024,012141,2015,12141,160329,0.0255,160329,MSFT,Microsoft Corp.,0000789019,7372,GOOGL,Alphabet Inc.
22074,031587,2015,31587,4016,0.0475,004016,DLTR,Dollar Tree Inc.,0000935703,5331,DG,Dollar General Corp.
22078,031587,2015,31587,11672,0.0064,011672,DLTR,Dollar Tree Inc.,0000935703,5331,TJX,TJX Companies Inc.
22106,064768,2015,64768,160329,0.0281,160329,AMZN,Amazon.com Inc.,0001018724,5961,GOOGL,Alphabet Inc.
22109,160329,2015,160329,12141,0.0255,012141,GOOGL,Alphabet Inc.,0001652044,7389,MSFT,Microsoft Corp.
22130,160329,2015,160329,64768,0.0281,064768,GOOGL,Alphabet Inc.,0001652044,7389,AMZN,Amazon.com Inc.
22138,160329,2015,160329,170617,0.011,170617,GOOGL,Alphabet Inc.,0001652044,7389,META,Meta Platforms Inc.
22161,170617,2015,170617,160329,0.011,160329,META,Meta Platforms Inc.,0001326801,7389,GOOGL,Alphabet Inc.
22171,001690,2016,1690,12141,0.0053,012141,AAPL,Apple Inc.,0000320193,3571,MSFT,Microsoft Corp.
22343,005680,2016,5680,6829,0.0635,006829,HD,Home Depot Inc.,0000354950,5251,LOW,Lowes Companies Inc.
22350,006502,2016,6502,11259,0.0279,011259,KR,Kroger Co.,0000056873,5411,WMT,Walmart Inc.
22355,006829,2016,6829,5680,0.0635,005680,LOW,Lowes Companies Inc.,0000060667,5251,HD,Home Depot Inc.
22366,007241,2016,7241,11264,0.0748,011264,CVS,CVS Health Corp.,0000064803,5912,WBA,Walgreens Boots Alliance Inc.
22436,011259,2016,11259,6502,0.0279,006502,WMT,Walmart Inc.,0000104169,5331,KR,Kroger Co.
22446,011259,2016,11259,31587,0.0068,031587,WMT,Walmart Inc.,0000104169,5331,DLTR,Dollar Tree Inc.
22449,011264,2016,11264,7241,0.0748,007241,WBA,Walgreens Boots Alliance Inc.,0001618921,5912,CVS,CVS Health Corp.
22497,011672,2016,11672,31587,0.0021,031587,TJX,TJX Companies Inc.,0000109198,5651,DLTR,Dollar Tree Inc.
22525,012141,2016,12141,1690,0.0053,001690,MSFT,Microsoft Corp.,0000789019,7372,AAPL,Apple Inc.
22671,031587,2016,31587,11259,0.0068,011259,DLTR,Dollar Tree Inc.,0000935703,5331,WMT,Walmart Inc.
22672,031587,2016,31587,11672,0.0021,011672,DLTR,Dollar Tree Inc.,0000935703,5331,TJX,TJX Companies Inc.
22704,064768,2016,64768,160329,0.0179,160329,AMZN,Amazon.com Inc.,0001018724,5961,GOOGL,Alphabet Inc.
22713,160329,2016,160329,64768,0.0179,064768,GOOGL,Alphabet Inc.,0001652044,7389,AMZN,Amazon.com Inc.
22718,160329,2016,160329,170617,0.0343,170617,GOOGL,Alphabet Inc.,0001652044,7389,META,Meta Platforms Inc.
22746,170617,2016,170617,160329,0.0343,160329,META,Meta Platforms Inc.,0001326801,7389,GOOGL,Alphabet Inc.
22783,004016,2017,4016,31587,0.0531,031587,DG,Dollar General Corp.,0000029534,5331,DLTR,Dollar Tree Inc.
22791,005680,2017,5680,6829,0.0446,006829,HD,Home Depot Inc.,0000354950,5251,LOW,Lowes Companies Inc.
22797,006502,2017,6502,11259,0.0278,011259,KR,Kroger Co.,0000056873,5411,WMT,Walmart Inc.
22802,006829,2017,6829,5680,0.0446,005680,LOW,Lowes Companies Inc.,0000060667,5251,HD,Home Depot Inc.
22815,007241,2017,7241,11264,0.0779,011264,CVS,CVS Health Corp.,0000064803,5912,WBA,Walgreens Boots Alliance Inc.
22896,011259,2017,11259,6502,0.0278,006502,WMT,Walmart Inc.,0000104169,5331,KR,Kroger Co.
22898,011259,2017,11259,11264,0.0004,011264,WMT,Walmart Inc.,0000104169,5331,WBA,Walgreens Boots Alliance Inc.
22905,011259,2017,11259,31587,0.0025,031587,WMT,Walmart Inc.,0000104169,5331,DLTR,Dollar Tree Inc.
22908,011264,2017,11264,7241,0.0779,007241,WBA,Walgreens Boots Alliance Inc.,0001618921,5912,CVS,CVS Health Corp.
22911,011264,2017,11264,11259,0.0004,011259,WBA,Walgreens Boots Alliance Inc.,0001618921,5912,WMT,Walmart Inc.
22947,011672,2017,11672,31587,0.0046,031587,TJX,TJX Companies Inc.,0000109198,5651,DLTR,Dollar Tree Inc.
23099,012141,2017,12141,160329,0.0182,160329,MSFT,Microsoft Corp.,0000789019,7372,GOOGL,Alphabet Inc.
23107,012141,2017,12141,170617,0.0027,170617,MSFT,Microsoft Corp.,0000789019,7372,META,Meta Platforms Inc.
23135,031587,2017,31587,4016,0.0531,004016,DLTR,Dollar Tree Inc.,0000935703,5331,DG,Dollar General Corp.
23138,031587,2017,31587,11259,0.0025,011259,DLTR,Dollar Tree Inc.,0000935703,5331,WMT,Walmart Inc.
23139,031587,2017,31587,11672,0.0046,011672,DLTR,Dollar Tree Inc.,0000935703,5331,TJX,TJX Companies Inc.
23172,160329,2017,160329,12141,0.0182,012141,GOOGL,Alphabet Inc.,0001652044,7389,MSFT,Microsoft Corp.
23180,160329,2017,160329,170617,0.0256,170617,GOOGL,Alphabet Inc.,0001652044,7389,META,Meta Platforms Inc.
23182,170617,2017,170617,12141,0.0027,012141,META,Meta Platforms Inc.,0001326801,7389,MSFT,Microsoft Corp.
23201,170617,2017,170617,160329,0.0256,160329,META,Meta Platforms Inc.,0001326801,7389,GOOGL,Alphabet Inc.
23223,004016,2018,4016,11259,0.0122,011259,DG,Dollar General Corp.,0000029534,5331,WMT,Walmart Inc.
23234,004016,2018,4016,31587,0.0539,031587,DG,Dollar General Corp.,0000029534,5331,DLTR,Dollar Tree Inc.
23242,005680,2018,5680,6829,0.0715,006829,HD,Home Depot Inc.,0000354950,5251,LOW,Lowes Companies Inc.
23244,006829,2018,6829,5680,0.0715,005680,LOW,Lowes Companies Inc.,0000060667,5251,HD,Home Depot Inc.
23260,007241,2018,7241,11264,0.036,011264,CVS,CVS Health Corp.,0000064803,5912,WBA,Walgreens Boots Alliance Inc.
23484,011259,2018,11259,4016,0.0122,004016,WMT,Walmart Inc.,0000104169,5331,DG,Dollar General Corp.
23486,011259,2018,11259,11264,0.0078,011264,WMT,Walmart Inc.,0000104169,5331,WBA,Walgreens Boots Alliance Inc.
23496,011259,2018,11259,31587,0.0091,031587,WMT,Walmart Inc.,0000104169,5331,DLTR,Dollar Tree Inc.
23502,011264,2018,11264,7241,0.036,007241,WBA,Walgreens Boots Alliance Inc.,0001618921,5912,CVS,CVS Health Corp.
23504,011264,2018,11264,11259,0.0078,011259,WBA,Walgreens Boots Alliance Inc.,0001618921,5912,WMT,Walmart Inc.
23679,012141,2018,12141,160329,0.0255,160329,MSFT,Microsoft Corp.,0000789019,7372,GOOGL,Alphabet Inc.
23685,012141,2018,12141,170617,0.0184,170617,MSFT,Microsoft Corp.,0000789019,7372,META,Meta Platforms Inc.
23709,031587,2018,31587,4016,0.0539,004016,DLTR,Dollar Tree Inc.,0000935703,5331,DG,Dollar General Corp.
23712,031587,2018,31587,11259,0.0091,011259,DLTR,Dollar Tree Inc.,0000935703,5331,WMT,Walmart Inc.
23746,064768,2018,64768,160329,0.0383,160329,AMZN,Amazon.com Inc.,0001018724,5961,GOOGL,Alphabet Inc.
23748,160329,2018,160329,12141,0.0255,012141,GOOGL,Alphabet Inc.,0001652044,7389,MSFT,Microsoft Corp.
23769,160329,2018,160329,64768,0.0383,064768,GOOGL,Alphabet Inc.,0001652044,7389,AMZN,Amazon.com Inc.
23774,160329,2018,160329,170617,0.0209,170617,GOOGL,Alphabet Inc.,0001652044,7389,META,Meta Platforms Inc.
23778,170617,2018,170617,12141,0.0184,012141,META,Meta Platforms Inc.,0001326801,7389,MSFT,Microsoft Corp.
23790,170617,2018,170617,160329,0.0209,160329,META,Meta Platforms Inc.,0001326801,7389,GOOGL,Alphabet Inc.
23798,004016,2019,4016,11259,0.0143,011259,DG,Dollar General Corp.,0000029534,5331,WMT,Walmart Inc.
23809,004016,2019,4016,31587,0.1007,031587,DG,Dollar General Corp.,0000029534,5331,DLTR,Dollar Tree Inc.
23822,005680,2019,5680,6829,0.0726,006829,HD,Home Depot Inc.,0000354950,5251,LOW,Lowes Companies Inc.
23828,006502,2019,6502,11259,0.0181,011259,KR,Kroger Co.,0000056873,5411,WMT,Walmart Inc.
23835,006829,2019,6829,5680,0.0726,005680,LOW,Lowes Companies Inc.,0000060667,5251,HD,Home Depot Inc.
23851,007241,2019,7241,11264,0.0489,011264,CVS,CVS Health Corp.,0000064803,5912,WBA,Walgreens Boots Alliance Inc.
24050,011259,2019,11259,4016,0.0143,004016,WMT,Walmart Inc.,0000104169,5331,DG,Dollar General Corp.
24051,011259,2019,11259,6502,0.0181,006502,WMT,Walmart Inc.,0000104169,5331,KR,Kroger Co.
24054,011259,2019,11259,31587,0.0155,031587,WMT,Walmart Inc.,0000104169,5331,DLTR,Dollar Tree Inc.
24058,011264,2019,11264,7241,0.0489,007241,WBA,Walgreens Boots Alliance Inc.,0001618921,5912,CVS,CVS Health Corp.
24207,012141,2019,12141,160329,0.008,160329,MSFT,Microsoft Corp.,0000789019,7372,GOOGL,Alphabet Inc.
24212,012141,2019,12141,170617,0.0231,170617,MSFT,Microsoft Corp.,0000789019,7372,META,Meta Platforms Inc.
24233,031587,2019,31587,4016,0.1007,004016,DLTR,Dollar Tree Inc.,0000935703,5331,DG,Dollar General Corp.
24236,031587,2019,31587,11259,0.0155,011259,DLTR,Dollar Tree Inc.,0000935703,5331,WMT,Walmart Inc.
24264,160329,2019,160329,12141,0.008,012141,GOOGL,Alphabet Inc.,0001652044,7389,MSFT,Microsoft Corp.
24286,160329,2019,160329,170617,0.0095,170617,GOOGL,Alphabet Inc.,0001652044,7389,META,Meta Platforms Inc.
24289,170617,2019,170617,12141,0.0231,012141,META,Meta Platforms Inc.,0001326801,7389,MSFT,Microsoft Corp.
24307,170617,2019,170617,160329,0.0095,160329,META,Meta Platforms Inc.,0001326801,7389,GOOGL,Alphabet Inc.
24313,003813,2020,3813,4016,0.0025,004016,TGT,Target Corp.,0000027419,5331,DG,Dollar General Corp.
24317,004016,2020,4016,3813,0.0025,003813,DG,Dollar General Corp.,0000029534,5331,TGT,Target Corp.
24321,004016,2020,4016,11259,0.037,011259,DG,Dollar General Corp.,0000029534,5331,WMT,Walmart Inc.
24322,004016,2020,4016,11672,0.0043,011672,DG,Dollar General Corp.,0000029534,5331,TJX,TJX Companies Inc.
24334,004016,2020,4016,31587,0.1135,031587,DG,Dollar General Corp.,0000029534,5331,DLTR,Dollar Tree Inc.
24375,007241,2020,7241,11264,0.027,011264,CVS,CVS Health Corp.,0000064803,5912,WBA,Walgreens Boots Alliance Inc.
24590,011259,2020,11259,4016,0.037,004016,WMT,Walmart Inc.,0000104169,5331,DG,Dollar General Corp.
24593,011259,2020,11259,11264,0.0081,011264,WMT,Walmart Inc.,0000104169,5331,WBA,Walgreens Boots Alliance Inc.
24598,011259,2020,11259,31587,0.0401,031587,WMT,Walmart Inc.,0000104169,5331,DLTR,Dollar Tree Inc.
24605,011264,2020,11264,7241,0.027,007241,WBA,Walgreens Boots Alliance Inc.,0001618921,5912,CVS,CVS Health Corp.
24607,011264,2020,11264,11259,0.0081,011259,WBA,Walgreens Boots Alliance Inc.,0001618921,5912,WMT,Walmart Inc.
24613,011672,2020,11672,4016,0.0043,004016,TJX,TJX Companies Inc.,0000109198,5651,DG,Dollar General Corp.
24634,011672,2020,11672,31587,0.0177,031587,TJX,TJX Companies Inc.,0000109198,5651,DLTR,Dollar Tree Inc.
24752,012141,2020,12141,160329,0.0243,160329,MSFT,Microsoft Corp.,0000789019,7372,GOOGL,Alphabet Inc.
24773,031587,2020,31587,4016,0.1135,004016,DLTR,Dollar Tree Inc.,0000935703,5331,DG,Dollar General Corp.
24778,031587,2020,31587,11259,0.0401,011259,DLTR,Dollar Tree Inc.,0000935703,5331,WMT,Walmart Inc.
24779,031587,2020,31587,11672,0.0177,011672,DLTR,Dollar Tree Inc.,0000935703,5331,TJX,TJX Companies Inc.
24807,160329,2020,160329,12141,0.0243,012141,GOOGL,Alphabet Inc.,0001652044,7389,MSFT,Microsoft Corp.
24845,003813,2021,3813,4611,0.0152,004611,TGT,Target Corp.,0000027419,5331,M,Macys Inc.
24846,003813,2021,3813,6502,0.0,006502,TGT,Target Corp.,0000027419,5331,KR,Kroger Co.
24855,004016,2021,4016,11259,0.0319,011259,DG,Dollar General Corp.,0000029534,5331,WMT,Walmart Inc.
24863,004016,2021,4016,31587,0.1048,031587,DG,Dollar General Corp.,0000029534,5331,DLTR,Dollar Tree Inc.
24870,004611,2021,4611,3813,0.0152,003813,M,Macys Inc.,0000794367,5311,TGT,Target Corp.
24885,006502,2021,6502,3813,0.0,003813,KR,Kroger Co.,0000056873,5411,TGT,Target Corp.
24887,006502,2021,6502,25645,0.0223,025645,KR,Kroger Co.,0000056873,5411,ACI,Albertsons Companies Inc.
24898,007241,2021,7241,11264,0.0145,011264,CVS,CVS Health Corp.,0000064803,5912,WBA,Walgreens Boots Alliance Inc.
25048,011259,2021,11259,4016,0.0319,004016,WMT,Walmart Inc.,0000104169,5331,DG,Dollar General Corp.
25052,011259,2021,11259,11264,0.0133,011264,WMT,Walmart Inc.,0000104169,5331,WBA,Walgreens Boots Alliance Inc.
25061,011259,2021,11259,31587,0.0295,031587,WMT,Walmart Inc.,0000104169,5331,DLTR,Dollar Tree Inc.
25068,011264,2021,11264,7241,0.0145,007241,WBA,Walgreens Boots Alliance Inc.,0001618921,5912,CVS,CVS Health Corp.
25070,011264,2021,11264,11259,0.0133,011259,WBA,Walgreens Boots Alliance Inc.,0001618921,5912,WMT,Walmart Inc.
25090,011672,2021,11672,31587,0.0273,031587,TJX,TJX Companies Inc.,0000109198,5651,DLTR,Dollar Tree Inc.
25225,012141,2021,12141,160329,0.0653,160329,MSFT,Microsoft Corp.,0000789019,7372,GOOGL,Alphabet Inc.
25242,025645,2021,25645,6502,0.0223,006502,ACI,Albertsons Companies Inc.,0001646972,5411,KR,Kroger Co.
25245,031587,2021,31587,4016,0.1048,004016,DLTR,Dollar Tree Inc.,0000935703,5331,DG,Dollar General Corp.
25248,031587,2021,31587,11259,0.0295,011259,DLTR,Dollar Tree Inc.,0000935703,5331,WMT,Walmart Inc.
25249,031587,2021,31587,11672,0.0273,011672,DLTR,Dollar Tree Inc.,0000935703,5331,TJX,TJX Companies Inc.
25274,160329,2021,160329,12141,0.0653,012141,GOOGL,Alphabet Inc.,0001652044,7389,MSFT,Microsoft Corp.
25320,002184,2022,2184,6829,0.0191,006829,BBY,Best Buy Co. Inc.,0000764478,5731,LOW,Lowes Companies Inc.
25327,004016,2022,4016,11259,0.0349,011259,DG,Dollar General Corp.,0000029534,5331,WMT,Walmart Inc.
25334,004016,2022,4016,31587,0.0784,031587,DG,Dollar General Corp.,0000029534,5331,DLTR,Dollar Tree Inc.
25341,005680,2022,5680,6829,0.0816,006829,HD,Home Depot Inc.,0000354950,5251,LOW,Lowes Companies Inc.
25342,005680,2022,5680,11259,0.0122,011259,HD,Home Depot Inc.,0000354950,5251,WMT,Walmart Inc.
25353,006502,2022,6502,25645,0.0412,025645,KR,Kroger Co.,0000056873,5411,ACI,Albertsons Companies Inc.
25360,006829,2022,6829,2184,0.0191,002184,LOW,Lowes Companies Inc.,0000060667,5251,BBY,Best Buy Co. Inc.
25361,006829,2022,6829,5680,0.0816,005680,LOW,Lowes Companies Inc.,0000060667,5251,HD,Home Depot Inc.
25362,006829,2022,6829,11259,0.013,011259,LOW,Lowes Companies Inc.,0000060667,5251,WMT,Walmart Inc.
25374,007241,2022,7241,11264,0.0195,011264,CVS,CVS Health Corp.,0000064803,5912,WBA,Walgreens Boots Alliance Inc.
25521,011259,2022,11259,4016,0.0349,004016,WMT,Walmart Inc.,0000104169,5331,DG,Dollar General Corp.
25522,011259,2022,11259,5680,0.0122,005680,WMT,Walmart Inc.,0000104169,5331,HD,Home Depot Inc.
25524,011259,2022,11259,6829,0.013,006829,WMT,Walmart Inc.,0000104169,5331,LOW,Lowes Companies Inc.
25535,011259,2022,11259,31587,0.0424,031587,WMT,Walmart Inc.,0000104169,5331,DLTR,Dollar Tree Inc.
25542,011264,2022,11264,7241,0.0195,007241,WBA,Walgreens Boots Alliance Inc.,0001618921,5912,CVS,CVS Health Corp.
25562,011672,2022,11672,31587,0.0064,031587,TJX,TJX Companies Inc.,0000109198,5651,DLTR,Dollar Tree Inc.
25679,012141,2022,12141,160329,0.0287,160329,MSFT,Microsoft Corp.,0000789019,7372,GOOGL,Alphabet Inc.
25695,025645,2022,25645,6502,0.0412,006502,ACI,Albertsons Companies Inc.,0001646972,5411,KR,Kroger Co.
25699,031587,2022,31587,4016,0.0784,004016,DLTR,Dollar Tree Inc.,0000935703,5331,DG,Dollar General Corp.
25701,031587,2022,31587,11259,0.0424,011259,DLTR,Dollar Tree Inc.,0000935703,5331,WMT,Walmart Inc.
25702,031587,2022,31587,11672,0.0064,011672,DLTR,Dollar Tree Inc.,0000935703,5331,TJX,TJX Companies Inc.
25712,160329,2022,160329,12141,0.0287,012141,GOOGL,Alphabet Inc.,0001652044,7389,MSFT,Microsoft Corp.
25744,002184,2023,2184,6829,0.0312,006829,BBY,Best Buy Co. Inc.,0000764478,5731,LOW,Lowes Companies Inc.
25752,004016,2023,4016,11259,0.0481,011259,DG,Dollar General Corp.,0000029534,5331,WMT,Walmart Inc.
25759,004016,2023,4016,31587,0.0863,031587,DG,Dollar General Corp.,0000029534,5331,DLTR,Dollar Tree Inc.
25764,005680,2023,5680,6829,0.1173,006829,HD,Home Depot Inc.,0000354950,5251,LOW,Lowes Companies Inc.
25765,005680,2023,5680,11259,0.0536,011259,HD,Home Depot Inc.,0000354950,5251,WMT,Walmart Inc.
25785,006502,2023,6502,25645,0.0386,025645,KR,Kroger Co.,0000056873,5411,ACI,Albertsons Companies Inc.
25790,006829,2023,6829,2184,0.0312,002184,LOW,Lowes Companies Inc.,0000060667,5251,BBY,Best Buy Co. Inc.
25791,006829,2023,6829,5680,0.1173,005680,LOW,Lowes Companies Inc.,0000060667,5251,HD,Home Depot Inc.
25792,006829,2023,6829,11259,0.0106,011259,LOW,Lowes Companies Inc.,0000060667,5251,WMT,Walmart Inc.
25813,007241,2023,7241,11264,0.0228,011264,CVS,CVS Health Corp.,0000064803,5912,WBA,Walgreens Boots Alliance Inc.
25997,011259,2023,11259,4016,0.0481,004016,WMT,Walmart Inc.,0000104169,5331,DG,Dollar General Corp.
25999,011259,2023,11259,5680,0.0536,005680,WMT,Walmart Inc.,0000104169,5331,HD,Home Depot Inc.
26001,011259,2023,11259,6829,0.0106,006829,WMT,Walmart Inc.,0000104169,5331,LOW,Lowes Companies Inc.
26003,011259,2023,11259,11672,0.0015,011672,WMT,Walmart Inc.,0000104169,5331,TJX,TJX Companies Inc.
26012,011259,2023,11259,31587,0.04,031587,WMT,Walmart Inc.,0000104169,5331,DLTR,Dollar Tree Inc.
26021,011264,2023,11264,7241,0.0228,007241,WBA,Walgreens Boots Alliance Inc.,0001618921,5912,CVS,CVS Health Corp.
26029,011672,2023,11672,11259,0.0015,011259,TJX,TJX Companies Inc.,0000109198,5651,WMT,Walmart Inc.
26039,011672,2023,11672,31587,0.0114,031587,TJX,TJX Companies Inc.,0000109198,5651,DLTR,Dollar Tree Inc.
26166,012141,2023,12141,160329,0.0412,160329,MSFT,Microsoft Corp.,0000789019,7372,GOOGL,Alphabet Inc.
26182,025645,2023,25645,6502,0.0386,006502,ACI,Albertsons Companies Inc.,0001646972,5411,KR,Kroger Co.
26185,031587,2023,31587,4016,0.0863,004016,DLTR,Dollar Tree Inc.,0000935703,5331,DG,Dollar General Corp.
26187,031587,2023,31587,11259,0.04,011259,DLTR,Dollar Tree Inc.,0000935703,5331,WMT,Walmart Inc.
26188,031587,2023,31587,11672,0.0114,011672,DLTR,Dollar Tree Inc.,0000935703,5331,TJX,TJX Companies Inc.
26199,160329,2023,160329,12141,0.0412,012141,GOOGL,Alphabet Inc.,0001652044,7389,MSFT,Microsoft Corp.
26231,160329,2023,160329,170617,0.0134,170617,GOOGL,Alphabet Inc.,0001652044,7389,META,Meta Platforms Inc.
26252,170617,2023,170617,160329,0.0134,160329,META,Meta Platforms Inc.,0001326801,7389,GOOGL,Alphabet Inc.
